periode,industrie,intragroupe,rendement_exploitation_pct,cout_de_la_dette_pct,levier,apport_du_financement_pct,rendement_capitaux_propres_pct,marge_pct,rotation,intragroupe_passif_millions,part_intragroupe_passif_pct,ecart_identite,identite_bilan
2020-01,"Administrative and support, waste management and remediation services [56]",financement,27.188896567219878,-1.4286531521224053,-0.4469070396767923,-12.789384427874678,14.3995121393452,8.538231390071656,3.1843710160906866,20160.0,29.811460258780038,0.0,0.0
2020-01,"Aerospace, rail and ship products and other transportation equipment manufacturing",financement,15.536381518992798,-77.66932669294437,-0.04525373134328358,-4.217906079083485,11.319402985074626,7.2339976019928915,2.1476896142062154,7397.0,12.698712446351932,2.318862913283648e-06,1.0
2020-01,"Agriculture, forestry, fishing and hunting [11]",financement,3.555502481507653,0.4678226534641344,0.6057571558480925,1.8703841508051693,5.425886632312822,5.709520792640153,0.6227322065436501,34629.0,25.497183668961455,0.0,0.0
2020-01,"Alcohol beverage, tobacco and cannabis product manufacturing",financement,7.4633971176734075,-0.058138942323244534,-0.4006087250591816,-3.013192971481919,4.450456543794386,11.412069868078085,0.6539915373765868,5059.0,38.577093182858015,6.309940072442982e-07,1.0
2020-01,"Arts, entertainment and recreation, and accommodation and food services",financement,21.909575059911347,10.383142321666133,0.452187425292852,5.212107942718341,27.121683002629695,10.285935056915642,2.130051856119845,30648.0,33.619271187556215,0.0,0.0
2020-01,"Basic chemical manufacturing and resin, synthetic rubber, and artificial and synthetic fibres and filaments manufacturing",financement,7.41743204219797,-10.094989756006704,-0.16970481006703517,-2.9719422150781307,4.44548982711984,6.514937822582442,1.138526912181303,3431.0,17.433057263350438,1.734723475976807e-18,0.0
2020-01,Building material and supplies merchant wholesalers [416],financement,11.522403449330236,22.632688514323437,0.037837636728923284,-0.42038693024399454,11.102016519086241,3.8222119133694874,3.014590428392185,8760.0,30.3513270043656,0.0,0.0
2020-01,"Clothing, sporting goods, and general merchandise stores",financement,8.883229868199049,14.482876828320792,0.2024978369634729,-1.1339163971837394,7.749313471015311,2.5175661923438795,3.528499030219608,8355.0,17.448052626083324,0.0,0.0
2020-01,"Clothing, textile, leather and furniture manufacturing, and other manufacturing",financement,-14.004007021985728,-0.26816896188758005,-2.5522966242390703,35.057933111883045,21.053926089897313,5.649989728153642,-2.4785898197662903,9275.0,8.97983289281323,-6.938893903907228e-18,0.0
2020-01,Computer and electronic equipment manufacturing [334],financement,11.536606539982637,-3.200984918436442,-0.3852949896234806,-5.678320148046676,5.8582863919359625,7.83132530120482,1.473135912028552,6791.0,41.87839171188949,1.734723475976807e-18,0.0
2020-01,Construction [23],financement,15.616517123403614,-2.835128294620235,0.25603174009057905,4.724206883911005,20.340607104091028,7.4583364892785955,2.0938338121178166,106481.0,34.61794797603295,-2.9225805898286383e-07,-1.0
2020-01,"Educational, health care and social assistance services",financement,41.9368119857301,4.091487901802758,-0.5394492348163769,-20.415631118452403,21.5211808672777,22.26650304706158,1.883403599437871,17078.0,29.415412174032863,0.0,0.0
2020-01,Food and beverage stores [445],financement,8.251638751903801,3.964092011215222,0.7753118203204759,3.324185668232385,11.576190687558258,2.190284271454808,3.767382553691527,4464.0,9.17951881554596,9.156685551806043e-07,1.0
2020-01,Food and soft drink and ice manufacturing,financement,11.86399217221135,69.12181303116147,0.022063878992437027,-1.2633296308025124,10.600662541408838,4.426259430518374,2.680365296803653,23126.0,30.78295130846844,0.0,0.0
2020-01,"Machinery, equipment and supplies merchant wholesalers [417]",financement,6.813230969853547,-3.641832019219441,-0.1528875567143649,-1.5984490356941539,5.214642057935905,2.050778545718757,3.322265577664138,26041.0,32.78566752278793,-3.496905587197646e-07,-1.0
2020-01,Mining and quarrying (except oil and gas) and support activities,financement,-0.9439105077252803,-6.5333376976203725,-0.3133227015634855,-1.7512944273303317,-2.695204935055612,-1.9310681984844782,0.48880226419039513,43196.0,34.52862464229189,0.0,0.0
2020-01,Motor vehicle and motor vehicle parts and accessories merchant wholesalers [415],financement,1.9809976247030883,-0.3642572566875356,0.11648876218258968,0.27319583813586995,2.2541934628389577,0.44148006987454347,4.487173396674584,7165.0,19.115842270956726,-1.734723475976807e-18,0.0
2020-01,Motor vehicle and parts dealers [441],financement,13.080549435020854,3.3085276050795476,0.8881508775332105,8.679029763536063,21.758945020847474,3.49264265966495,3.7451725554642565,9533.0,20.986241056686847,-1.5854442736093488e-06,-1.0
2020-01,Motor vehicle and trailer manufacturing,financement,27.37539291874771,1.3787714264483453,-0.7148857198671615,-18.584613469636555,8.790779449111156,0.8776939933419508,31.190133607399794,1354.0,4.733934689881827,0.0,0.0
2020-01,Motor vehicle parts manufacturing [3363],financement,9.760863804981451,-2.664097553915183,-0.24974244970991705,-3.103040287321905,6.658352762565743,5.114769514288599,1.9083682613094377,4273.0,25.369589740545035,1.3231122654930316e-06,1.0
2020-01,Non-metallic mineral product manufacturing [327],financement,-0.15152471746953722,-302.8901734104046,-0.010804396702473145,-3.2709084576491234,-3.4224331751186607,-0.15274949083503053,0.9919818170339036,4794.0,29.171230376049653,0.0,0.0
2020-01,Oil and gas extraction and support services,financement,-25.260068759750148,16.172637324312063,0.11138474243223016,-4.614971295443565,-29.87513318021449,-64.51838638730267,0.3915173669737248,80551.0,26.556442041408413,-2.328125519451829e-07,1.0
2020-01,Other retailers,financement,10.061832045939571,20.65142301033539,0.13840528877835173,-1.4656553954718277,8.596390536317838,2.6195452545369835,3.8410605919148537,32436.0,37.45366788679376,5.347146252339396e-07,1.0
2020-01,Other wholesalers,financement,7.8231978446378925,18.03231084552243,0.05329870398812708,-0.5441324918154848,7.279065352822407,2.194945307326383,3.564188054492877,60385.0,32.758648749816906,-3.469446951953614e-18,0.0
2020-01,Petroleum and coal product manufacturing [324],financement,-10.76152091291274,3.5357832598703136,0.1785800182788975,-2.5532128405145555,-13.314733753427294,-8.942931917234143,1.2033548966389813,11085.0,12.652520802182375,0.0,0.0
2020-01,"Pharmaceutical and medecine manufacturing, and soap, agricultural chemicals, paint and other chemical product manufacturing",financement,8.675278670210645,-0.14343967047488376,-0.7682519555666678,-6.774997610823297,1.900203593242133,8.317601302250134,1.0430024660912454,18965.0,32.76550163266011,-1.93665363035396e-07,-1.0
2020-01,Pipelines [486],financement,-2.937791477562217,26.6604810737815,0.18772372680728475,-5.556298030396003,-8.49413140518262,-9.50684207436331,0.3090186472629468,3911.0,4.773762007640949,-1.0474306099544917e-07,1.0
2020-01,Plastics and rubber products manufacturing [326],financement,6.794274638600956,27.111936436421203,0.047150975272615574,-0.9579975690263886,5.8362770695745665,3.146540177012723,2.1592842475799356,7637.0,40.71329566051818,-1.734723475976807e-18,0.0
2020-01,Primary metal and fabricated metal product and machinery manufacturing,financement,7.86799384771172,4.885027918489506,0.1631282691715987,0.48660606903186937,8.354599916743588,4.40121127945881,1.7876882858209884,41348.0,40.46188472453273,-3.469446951953614e-18,0.0
2020-01,"Professional, scientific and technical services [54]",financement,24.55511664271289,4.165663819181377,-0.6218853104840696,-12.679901199762181,11.875215442950706,8.06965241077235,3.0428964461881582,56569.0,35.09352027047986,0.0,0.0
2020-01,"Publishing, motion picture and sound recording, broadcasting, and information services",financement,11.368114220938706,-29.44606413994169,-0.1290110251768965,-5.265478992089885,6.102635228848821,7.439593047901654,1.5280559229170603,23808.0,30.764459606140488,0.0,0.0
2020-01,Real estate [531],financement,5.407083391101311,1.7533084312897702,0.8101134889753567,2.9599723806237215,8.367055771725033,33.2354638313698,0.16269017392192234,189319.0,34.18452010147793,-3.469446951953614e-18,0.0
2020-01,"Rental and leasing of automotive, machinery and equipment, and other goods",financement,5.2314349741132835,0.9194345477531318,0.2020528063534821,0.8712517871434798,6.102686761256764,10.310691440755408,0.507379646086083,14881.0,34.14639743001377,0.0,0.0
2020-01,"Repair, maintenance and personal services",financement,25.33187836345201,80.36571224690036,0.030796975792467225,-1.694875649875221,23.638759797461333,8.681910714823903,2.917776880635177,9366.0,33.39751818570817,4.392709711358023e-06,1.0
2020-01,Telecommunications [517],financement,6.746466185703137,3.6525900245542364,1.3239971607804017,4.0962832531673135,10.84274943887045,12.85851405183504,0.5246691926070842,3667.0,2.853829750805485,3.469446951953614e-18,0.0
2020-01,"Total, non-financial industries",financement,3.8519733688907993,9.521816428345707,0.080870894163114,-0.45852527798264425,3.393448090908155,2.8158365368130123,1.367967677999695,973047.0,26.54515049254835,0.0,0.0
2020-01,"Transportation, postal and couriers services, and support activities for transportation",financement,6.058022829709212,5.131413659086094,0.5447920999522423,0.5048093558987742,6.562832185607986,3.5334825218494,1.7144623730977122,20550.0,13.10202364102368,0.0,0.0
2020-01,Utilities [22],financement,7.830142180950446,6.542582366903203,0.32975646674054654,0.4245811749973339,8.25472335594778,16.919338759496622,0.4627924466939041,5523.0,4.349161351287503,0.0,0.0
2020-01,Warehousing [493],financement,10.920897284533648,3.17334391114637,0.5926187118006582,4.591345099743612,15.514809590973202,6.839186691312385,1.5968122786304604,2552.0,32.98009821659343,6.418016739853649e-06,1.0
2020-01,Wood product and paper manufacturing,financement,-1.0267250490714177,-11.206225680933853,-0.1343615213697556,-1.367733191681425,-2.3944582407528427,-0.530189620758483,1.9365242337309376,8487.0,22.159268929503916,0.0,0.0
2020-04,"Administrative and support, waste management and remediation services [56]",financement,21.13385373472069,-1.7496933890727824,-0.4636448542415993,-10.609838870741994,10.524014863978698,7.037404339639831,3.0030750991071096,19669.0,28.789098520220723,0.0,0.0
2020-04,"Aerospace, rail and ship products and other transportation equipment manufacturing",financement,-1.3156261635844606,-119.1637630662021,-0.034395973154362415,-4.053501353194062,-5.369127516778524,-0.9864135492276195,1.3337470522526995,7313.0,12.879761883795066,0.0,0.0
2020-04,"Agriculture, forestry, fishing and hunting [11]",financement,-4.630765129298854,3.2503670319915328,0.6404627058231834,-5.0475712289701535,-9.678336358269007,-7.897967535124812,0.5863236470274593,36024.0,26.477138258230006,0.0,0.0
2020-04,"Alcohol beverage, tobacco and cannabis product manufacturing",financement,11.702659190584578,-0.0,-0.40113708149084015,-4.694370553393055,7.008677727166939,17.295700689202494,0.6766224393493588,5009.0,39.14198640306322,9.727249385381442e-07,1.0
2020-04,"Arts, entertainment and recreation, and accommodation and food services",financement,-5.56803594351733,10.264918975720368,0.5690322580645162,-9.009462089527517,-14.577498033044847,-4.213721918639952,1.321405648267009,32675.0,34.81916412693677,0.0,0.0
2020-04,"Basic chemical manufacturing and resin, synthetic rubber, and artificial and synthetic fibres and filaments manufacturing",financement,7.862276044979212,81.78091865333592,-0.16444444444444445,12.15551011781866,20.01826484018265,6.52890481106847,1.2042258652094717,3692.0,18.72210953346856,1.1966934619425662e-06,1.0
2020-04,Building material and supplies merchant wholesalers [416],financement,8.582315087361481,-94.50810463809982,-0.0055898157163979945,-0.5762564483914495,8.006058638970032,2.908090299583482,2.951185899760644,8603.0,30.414339249098493,0.0,0.0
2020-04,"Clothing, sporting goods, and general merchandise stores",financement,5.10140773023442,10.1187045215198,0.17106840556544484,-0.8583009623338125,4.243106767900607,1.4851080048390415,3.435041568432808,9008.0,18.20791138600853,0.0,0.0
2020-04,"Clothing, textile, leather and furniture manufacturing, and other manufacturing",financement,-6.959567349861517,-0.3501938946451923,-2.7680115273775217,18.294821912781785,11.33525456292027,3.4058947789995004,-2.0433888306748944,8909.0,8.796406003159557,0.0,0.0
2020-04,Computer and electronic equipment manufacturing [334],financement,11.968723016406026,-2.357976653696498,-0.3813509021842355,-5.463499844516187,6.505223171889838,8.138700417536535,1.4705938789216157,6713.0,42.77976038745858,0.0,0.0
2020-04,Construction [23],financement,13.54222978807999,-1.5121455773940706,0.2302394752343483,3.466111484127648,17.008341272207637,6.496351804121117,2.084589966246771,106116.0,34.483699890812666,-6.938893903907228e-18,0.0
2020-04,"Educational, health care and social assistance services",financement,44.62387022868361,-1.0609781140774444,-0.5380686219096067,-24.581583389938817,20.042286838744793,24.900625138229127,1.7920783105229765,17032.0,28.45448318492407,6.938893903907228e-18,0.0
2020-04,Food and beverage stores [445],financement,9.626311143240445,3.7516428035261993,0.6969068602039054,4.094096667369544,13.720407810609988,2.5097004042537345,3.835641547861507,4359.0,8.841964340047465,0.0,0.0
2020-04,Food and soft drink and ice manufacturing,financement,12.737978790271976,-77.05456936226167,-0.011021841818402035,-0.9896792622084738,11.7485566635714,4.516891483105548,2.8200763374359603,22521.0,29.352501107838282,6.42838769743248e-07,1.0
2020-04,"Machinery, equipment and supplies merchant wholesalers [417]",financement,15.474480579464167,-6.422426643617439,-0.17895376364360085,-3.9185339597252025,11.555946619738965,4.354753334600328,3.553468908678013,25420.0,32.91680155390094,0.0,0.0
2020-04,Mining and quarrying (except oil and gas) and support activities,financement,-0.6479413423575859,-0.3425109573045877,-0.30766707624383033,0.09397087356528325,-0.5539704687923027,-1.4751403917271606,0.4392404587328445,41884.0,33.3739711073395,0.0,0.0
2020-04,Motor vehicle and motor vehicle parts and accessories merchant wholesalers [415],financement,7.64194976589209,10.248612722199578,0.04898377893184587,-0.12768420200159783,7.514265563890492,2.3494802337597807,3.2526129209706007,6126.0,17.01430356894876,0.0,0.0
2020-04,Motor vehicle and parts dealers [441],financement,2.237652592675552,1.7834078489816199,0.821171791341594,0.37301296988664934,2.6107796644740198,0.5751957623215108,3.890245268227125,9771.0,22.4811908980052,2.852547795464608e-07,1.0
2020-04,Motor vehicle and trailer manufacturing,financement,11.474230922892529,2.469047191817692,-0.5267485822306238,-4.743467763069949,6.729678638941398,1.3233803336098053,8.670395525369557,1398.0,5.508057208147827,-2.7113022029491562e-06,-1.0
2020-04,Motor vehicle parts manufacturing [3363],financement,-9.949586090620649,-2.3553760815726847,-0.25995581182303173,1.9741590280566566,-7.975427062563992,-9.457202781180328,1.0520643704944295,4157.0,23.831909648569628,0.0,0.0
2020-04,Non-metallic mineral product manufacturing [327],financement,2.680573663624511,-50.44854881266492,-0.02411094853362173,-1.2809935376622998,1.3995801259622116,2.2289679098005206,1.2026075619295957,4878.0,29.3696188813294,4.336808689942018e-19,0.0
2020-04,Oil and gas extraction and support services,financement,-11.880597259805825,1.2468595235912374,0.11994218556763606,-1.5745358575453332,-13.45513311735116,-54.864504480706664,0.21654432810896318,80728.0,25.84395918903085,0.0,0.0
2020-04,Other retailers,financement,11.012219150098941,26.829699882546727,0.09858455425875341,-1.5593592875047855,9.452859862594156,3.2715712172653704,3.3660337552742616,31985.0,37.14478161400086,3.469446951953614e-18,0.0
2020-04,Other wholesalers,financement,15.482993990609536,-343.9060773926155,-0.003401044002064315,-1.2222980456353814,14.260695944974152,4.502800268392466,3.4385255991239165,61474.0,32.72121444387668,-6.938893903907228e-18,0.0
2020-04,Petroleum and coal product manufacturing [324],financement,-6.097833598362345,-1.3397418557377783,0.22414004612591393,-1.0664789026632004,-7.164237695667108,-7.357659291973216,0.8287735754514661,11571.0,12.952660271120415,1.8701339609197842e-07,-1.0
2020-04,"Pharmaceutical and medecine manufacturing, and soap, agricultural chemicals, paint and other chemical product manufacturing",financement,12.5558225049895,3.6482342849598717,-0.7644899123119697,-6.809761337241585,5.746061167747914,10.063850453774794,1.2476161646738309,17658.0,31.40372405698127,-1.734723475976807e-18,0.0
2020-04,Pipelines [486],financement,2.3660115695513926,10.197014925373136,0.14723333186832505,-1.15298471594967,1.2130268536017228,7.118487782388199,0.33237558901275716,3968.0,5.134110523115142,4.336808689942018e-19,0.0
2020-04,Plastics and rubber products manufacturing [326],financement,1.480005692329586,14.285714285714285,0.061324673363039046,-0.7853058966715789,0.6948115701231025,0.8133896449241358,1.8195531521275081,7649.0,40.84476958402307,2.7943616273868634e-07,1.0
2020-04,Primary metal and fabricated metal product and machinery manufacturing,financement,8.660783047829977,12.026394479773167,0.17102461162506546,-0.5756023880289645,8.085180659801013,5.629307598752301,1.538516575244455,42246.0,42.37311935807422,0.0,0.0
2020-04,"Professional, scientific and technical services [54]",financement,19.618680119707186,4.690758926304783,-0.6343838009561763,-9.470031387044875,10.148648732662311,6.5102977043215216,3.0134843306296655,56007.0,34.78674045502823,0.0,0.0
2020-04,"Publishing, motion picture and sound recording, broadcasting, and information services",financement,7.801919203885796,-12.622861501580038,-0.17860340196956132,-3.647935318478454,4.153983885407341,5.3475727398515,1.4589645776566758,23665.0,31.05154043982575,-1.734723475976807e-18,0.0
2020-04,Real estate [531],financement,5.3503034078440335,2.3953725467204956,0.8585075929366186,2.5368305808772984,7.887133988721333,33.22705546766852,0.16102249605145208,191407.0,34.033416961677354,3.469446951953614e-18,0.0
2020-04,"Rental and leasing of automotive, machinery and equipment, and other goods",financement,4.418367293520417,-0.9321084445791921,0.18746247979681366,1.0030134499568397,5.421380743477257,9.103854628944772,0.4853292889225923,14469.0,32.66213684281812,0.0,0.0
2020-04,"Repair, maintenance and personal services",financement,23.78843353682666,-131.15984338508036,-0.014695635649585101,-2.277063422175362,21.511370114651296,8.860849704629757,2.6846673095467697,8848.0,33.41894546003928,0.0,0.0
2020-04,Telecommunications [517],financement,7.41992784606261,4.308757849595326,1.3479335219799928,4.193650330816628,11.613726037224502,14.367818144595171,0.5164269043072353,3343.0,2.689114836384697,3.69650863162041e-07,1.0
2020-04,"Total, non-financial industries",financement,4.8783979142388345,7.0267313071014526,0.08071756921455736,-0.17340824933433324,4.704987720608574,3.9502989268122457,1.2349439889541556,974356.0,26.553008264124976,-4.860739819326221e-09,-1.0
2020-04,"Transportation, postal and couriers services, and support activities for transportation",financement,5.349373643614153,2.890903346974584,0.6128141137323225,1.5065852959724175,6.8559589395865705,3.9962016123529875,1.3386145551511377,21243.0,13.366598291028529,0.0,0.0
2020-04,Utilities [22],financement,6.284044604265664,7.658905489466833,0.34074074074074073,-0.4684711164389169,5.815573487826747,17.199546164699527,0.36536107081494285,5873.0,4.642761150373919,0.0,0.0
2020-04,Warehousing [493],financement,6.0013135230919845,1.2883545360815956,0.5712651567147106,2.692349254304493,8.693662777396478,3.9284236824814855,1.5276645311589983,2522.0,32.65993265993266,0.0,0.0
2020-04,Wood product and paper manufacturing,financement,13.600177245417736,-5.881636832544259,-0.20597317134902557,-4.012731029269925,9.587446216147812,6.445087017269565,2.110161927833737,8422.0,23.070180244343394,3.469446951953614e-18,0.0
2020-07,"Administrative and support, waste management and remediation services [56]",financement,24.692593756874373,0.1259636969794659,-0.41384808562374187,-10.166852820514178,14.525740936360194,8.404913076341648,2.9378761603590737,19408.0,28.442047569500417,-6.938893903907228e-18,0.0
2020-07,"Aerospace, rail and ship products and other transportation equipment manufacturing",financement,2.1762895017905386,-30.681003584229394,-0.06552372005636449,-2.1529320739782905,0.023485204321277597,1.2362598144182728,1.7603819815291826,7045.0,12.32117247892546,3.1944127257394324e-07,1.0
2020-07,"Agriculture, forestry, fishing and hunting [11]",financement,5.379614501493226,4.126628548227462,0.6156972504611161,0.7714600062921309,6.1510745077853555,9.31301565052486,0.5776447397240272,35636.0,26.83615606479355,-1.734723475976807e-18,0.0
2020-07,"Alcohol beverage, tobacco and cannabis product manufacturing",financement,16.056045124368104,0.10285571469639844,-0.41149738695750965,-6.564695755718122,9.491349368649981,21.278954539824106,0.7545504688361832,5146.0,40.92571973914426,0.0,0.0
2020-07,"Arts, entertainment and recreation, and accommodation and food services",financement,1.4543449145198142,3.8571650043925385,0.6158620031189332,-1.4798055936834311,-0.02546067916361669,0.8950737005430568,1.624832584889309,33421.0,35.34481846928308,5.421010862427522e-19,0.0
2020-07,"Basic chemical manufacturing and resin, synthetic rubber, and artificial and synthetic fibres and filaments manufacturing",financement,12.920798356622962,-9.306669079721292,-0.23092128908589912,-5.132795433515461,7.787228944530969,9.457081488159954,1.366256426234616,3214.0,16.64939908827186,-1.934946441330132e-06,-1.0
2020-07,Building material and supplies merchant wholesalers [416],financement,21.00727213317663,-20.64795699886873,-0.05562260767612676,-2.316972467670926,18.69029966550571,5.8151574277198,3.612502738625575,8385.0,27.35636683958109,0.0,0.0
2020-07,"Clothing, sporting goods, and general merchandise stores",financement,19.8760933115637,41.4047859152858,0.046480250952878874,-1.0006590349083904,18.875434276655312,4.8970473856553465,4.058791297340854,9437.0,19.282401258658386,6.938893903907228e-18,0.0
2020-07,"Clothing, textile, leather and furniture manufacturing, and other manufacturing",financement,-19.321247364216205,-0.7507737265059439,-2.7312427726005035,50.720471906764345,31.399224542548126,7.614981830194913,-2.537267690856941,8939.0,8.912529786533995,-1.3877787807814457e-17,0.0
2020-07,Computer and electronic equipment manufacturing [334],financement,17.013003287946297,-1.1208644477888778,-0.36481778465962506,-6.615557454661558,10.396505004700547,11.263220126934703,1.5104919460165434,6561.0,43.66722129783694,-2.3520714604839676e-06,-1.0
2020-07,Construction [23],financement,20.301796873265246,-1.2690526988978257,0.20368896251514956,4.393743969924254,24.695395251106188,9.091856539609184,2.232964937889124,108457.0,34.77333863422861,-3.63980208285819e-07,-1.0
2020-07,"Educational, health care and social assistance services",financement,43.79736622513996,0.28992280483641053,-0.5476490891458722,-23.826811760194808,19.971011167999666,22.918860605703216,1.910974850741108,16614.0,27.23115503761617,1.1417576362832138e-06,1.0
2020-07,Food and beverage stores [445],financement,11.899904297565117,6.360481895365617,0.6749968604797187,3.739092730355684,15.638997027920801,2.709164602655727,4.392462638076673,4037.0,8.22937051532942,0.0,0.0
2020-07,Food and soft drink and ice manufacturing,financement,16.002257116302708,-10.043375108578935,-0.015407648864799303,-0.40130195578267774,15.600955160520034,5.940020462727026,2.693973399033742,24911.0,31.57127648788401,6.938893903907228e-18,0.0
2020-07,"Machinery, equipment and supplies merchant wholesalers [417]",financement,25.992515686109,-5.304016236041464,-0.2048563401078731,-6.411292987640964,19.581222698468036,6.527760766541987,3.981842566800784,24893.0,32.61319568179436,0.0,0.0
2020-07,Mining and quarrying (except oil and gas) and support activities,financement,3.9336385492288475,-11.537855140572562,-0.3050326119181737,-4.719310130475667,-0.7856507560035577,7.506783154538136,0.5240112133585227,42493.0,33.65355677696292,5.206310815320317e-08,1.0
2020-07,Motor vehicle and motor vehicle parts and accessories merchant wholesalers [415],financement,22.37776393980052,4.664810866728254,0.07482023307711382,1.3252872774112463,23.704438383337468,4.748524483774793,4.712572087658593,6696.0,18.7358348023168,3.467915314254999e-06,1.0
2020-07,Motor vehicle and parts dealers [441],financement,12.952954216232826,3.856046387516701,0.7583143978516835,6.898316182445134,19.851270398677958,2.5796805402099627,5.021146616541353,10313.0,23.39662878014474,-6.938893903907228e-18,0.0
2020-07,Motor vehicle and trailer manufacturing,financement,71.55552147500617,2.5849998204861233,-0.5426599749058971,-37.42754155028849,34.12797992471769,3.783131227589686,18.914364099549285,1417.0,5.351410551757997,1.3877787807814457e-17,0.0
2020-07,Motor vehicle parts manufacturing [3363],financement,15.955892425003427,-4.810142107698569,-0.2677365321229805,-5.55982607173169,10.396066353271737,7.405282676152275,2.154663518299882,3906.0,22.44569589702333,0.0,0.0
2020-07,Non-metallic mineral product manufacturing [327],financement,18.82474321898258,-27.418981567886764,-0.0541077339753235,-2.502143158796,16.32260006018658,12.273882526946988,1.5337235937897684,4611.0,29.05298972969567,0.0,0.0
2020-07,Oil and gas extraction and support services,financement,-5.390253276033748,10.530143383213785,0.13396974163034844,-2.132851427092054,-7.523104703125802,-15.46470088020587,0.34855205527660954,80219.0,26.35003744629413,0.0,0.0
2020-07,Other retailers,financement,20.413517074808627,66.15040527360172,0.04378365722313276,-2.0025282353487026,18.410988839459925,5.481695794684978,3.7239419769702407,32223.0,36.85577033055016,0.0,0.0
2020-07,Other wholesalers,financement,15.434246518395916,-65.60359779894671,-0.018294171626775328,-1.4825202322053654,13.951726286190553,3.7996162249024863,4.062054061470911,62325.0,32.62764437045529,0.0,0.0
2020-07,Petroleum and coal product manufacturing [324],financement,-1.0835929018577328,3.483503600736895,0.22211338160896738,-1.0144132483257808,-2.0980061501835134,-0.9951917700995192,1.0888282383498544,11705.0,12.963639786911209,8.673617379884035e-19,0.0
2020-07,"Pharmaceutical and medecine manufacturing, and soap, agricultural chemicals, paint and other chemical product manufacturing",financement,-2.779163947641165,0.12033415870224239,-0.7683950353853266,2.2279599500234304,-0.5512287065685124,-2.6013222190284564,1.0683658976622779,17486.0,31.18712991367625,-6.177237694342079e-08,1.0
2020-07,Pipelines [486],financement,-1.489985967597908,44.211427348598335,0.13536295695498524,-6.18627844350226,-7.676264411100169,-4.53416149068323,0.3286133435387167,4125.0,5.295318296768893,0.0,0.0
2020-07,Plastics and rubber products manufacturing [326],financement,21.647818267660558,50.61219523324259,0.03345120226308345,-0.9688932322998797,20.678925035360677,9.69890754063416,2.2319852186409364,7337.0,39.89451362079278,6.938893903907228e-18,0.0
2020-07,Primary metal and fabricated metal product and machinery manufacturing,financement,11.00819468256226,3.2782591232226364,0.15814817362592007,1.2224751909556164,12.230859186902387,6.769301936677338,1.6261934813274928,41273.0,42.208336742207315,4.7328346127958887e-07,1.0
2020-07,"Professional, scientific and technical services [54]",financement,29.30473931846423,4.552601419876957,-0.6418797364808535,-15.887895751682946,13.416659876013112,9.023245494347323,3.2476938964835202,57900.0,35.17020190976019,-4.592269204281574e-07,-1.0
2020-07,"Publishing, motion picture and sound recording, broadcasting, and information services",financement,10.6896207118864,-10.975891834859201,-0.2303290738437182,-4.990197439241371,5.6994232726450305,6.476614485938721,1.650495136787047,23290.0,30.450016996574536,0.0,0.0
2020-07,Real estate [531],financement,6.660492464348875,3.136124951972832,0.8367115433370821,2.9488789805672324,9.609371444916109,39.44852026309951,0.16884010908209296,192694.0,33.751075006086594,0.0,0.0
2020-07,"Rental and leasing of automotive, machinery and equipment, and other goods",financement,5.968273337344589,2.5091946506338414,0.18821393274954606,0.6510468033159647,6.6193201406605535,12.243960118811133,0.4874463228751596,15072.0,33.42944594774431,0.0,0.0
2020-07,"Repair, maintenance and personal services",financement,22.71887306141619,118.09241203899958,0.01725306550003081,-1.6454859149499876,21.073387146466203,8.596119255842497,2.6429220425222604,9136.0,32.91066282420749,0.0,0.0
2020-07,Telecommunications [517],financement,8.14729482612832,3.740555485758147,1.3581778483525209,5.98513575555437,14.132592298531163,14.535492388169768,0.5605104119320573,3336.0,2.6484808548813503,4.0429212118386904e-07,1.0
2020-07,"Total, non-financial industries",financement,9.47564797095626,19.837468515786135,0.0731233775176382,-0.7576913154696145,8.717956655486644,6.679871181346822,1.4185375306961745,981228.0,26.58573043781482,0.0,0.0
2020-07,"Transportation, postal and couriers services, and support activities for transportation",financement,9.56879623202258,5.700699564113589,0.6226361795954238,2.408416931612643,11.977213163635222,6.832324562221746,1.400518395295756,21186.0,13.125824778355337,0.0,0.0
2020-07,Utilities [22],financement,6.165750606442104,7.660949157757095,0.36265498821461944,-0.5422412130056542,5.62350939343645,16.112121536321812,0.38267776174245915,5693.0,4.450124678532624,0.0,0.0
2020-07,Warehousing [493],financement,13.472609650424358,3.035791490903142,0.6413823081938709,6.693990521353426,20.169528363399262,7.621226834156319,1.7677743942804183,2530.0,31.4051638530288,7.320479053697648e-06,1.0
2020-07,Wood product and paper manufacturing,financement,22.00069340625197,-0.4242825411231631,-0.24885826874396513,-5.580640690888835,16.420052715363138,8.97813699189234,2.450474238265643,8158.0,22.250102277376243,6.938893903907228e-18,0.0
2020-10,"Administrative and support, waste management and remediation services [56]",financement,24.03621077230174,-1.0341966452688602,-0.432046332046332,-10.831577567668534,13.204633204633204,7.8957717833979135,3.04418762746431,20106.0,29.95664287736341,0.0,0.0
2020-10,"Aerospace, rail and ship products and other transportation equipment manufacturing",financement,4.4979333819596405,-59.71162001696353,-0.06687085247575293,-4.293747572873372,0.20418580908626852,2.32237007280944,1.9367858011184051,7189.0,12.889749520377244,-2.168404344971009e-19,0.0
2020-10,"Agriculture, forestry, fishing and hunting [11]",financement,2.5367799045109503,2.6437889624955973,0.6175166297117517,-0.06607987283530856,2.4707000316756416,4.23852627902839,0.5985051731453377,35985.0,27.133916453023676,0.0,0.0
2020-10,"Alcohol beverage, tobacco and cannabis product manufacturing",financement,12.287957283716247,0.4644925491235361,-0.41110898783362,-4.86073261972491,7.427224663991337,17.391635806484494,0.7065440778799351,5141.0,42.43149554308353,0.0,0.0
2020-10,"Arts, entertainment and recreation, and accommodation and food services",financement,0.7198276683760032,3.5688002543951303,0.7230890516703348,-2.060060885459352,-1.3402095719869922,0.4346224677716391,1.6562136607125837,34469.0,35.93702757650003,5.911274089187915e-08,1.0
2020-10,"Basic chemical manufacturing and resin, synthetic rubber, and artificial and synthetic fibres and filaments manufacturing",financement,13.307416267942585,-8.789848344165893,-0.1945565123140844,-4.299166734613265,9.008249533329318,12.33370288248337,1.0789473684210527,3409.0,18.290589119004185,-3.469446951953614e-18,0.0
2020-10,Building material and supplies merchant wholesalers [416],financement,15.547325150277308,-19.62474077691207,-0.04347075478212831,-1.5289562531016998,14.018368897175607,4.402522166961038,3.5314586867848248,8330.0,27.53992131451053,-6.938893903907228e-18,0.0
2020-10,"Clothing, sporting goods, and general merchandise stores",financement,18.700253484714537,24.8401600300681,0.07384462481364916,-0.45339909523250244,18.24747391088289,4.599155665455401,4.066018818448249,10412.0,20.539324956108338,1.5488035021299362e-06,1.0
2020-10,"Clothing, textile, leather and furniture manufacturing, and other manufacturing",financement,-16.14518318325597,-0.5677642355799379,-2.536992385786802,39.51979326046516,23.375634517766496,6.799862949982486,-2.374339498018494,8886.0,8.937120328277748,2.561101393273868e-06,-1.0
2020-10,Computer and electronic equipment manufacturing [334],financement,14.500571173831881,-2.8290124850231817,-0.34847091285352955,-6.038855836972832,8.461715336859047,9.557424615271607,1.5172048703017469,6356.0,42.302828618968384,0.0,0.0
2020-10,Construction [23],financement,13.15780012004802,-0.3984617786940996,0.21533692647099892,2.919163771711036,16.076963891759057,6.347786376353688,2.0728170955882352,106029.0,34.91494280125659,0.0,0.0
2020-10,"Educational, health care and social assistance services",financement,47.79924476523188,-0.4272488499723016,-0.5528764319503765,-26.6632917154517,21.13595304978018,23.950525009513335,1.9957493518929397,17119.0,27.44177099530321,0.0,0.0
2020-10,Food and beverage stores [445],financement,12.60430131993266,6.064667646198497,0.6341038632045598,4.14680697645746,16.75110829639012,3.1589566528987882,3.990020346865614,4216.0,8.58236299975572,6.938893903907228e-18,0.0
2020-10,Food and soft drink and ice manufacturing,financement,17.590886904056745,13.048098339284774,-0.026019034885561988,-0.11819897414453398,17.472687929912215,6.898689984955925,2.54988801387183,23872.0,30.566723859765936,6.938893903907228e-18,0.0
2020-10,"Machinery, equipment and supplies merchant wholesalers [417]",financement,26.424328860740697,-6.643147269314322,-0.20537024550826954,-6.791075691168241,19.63272914766192,6.511823372782965,4.057900122289051,24497.0,32.06497552291945,-1.3100547763406079e-06,-1.0
2020-10,Mining and quarrying (except oil and gas) and support activities,financement,-1.0072698654436394,-3.0133286550143263,-0.32741623526590447,-0.6568162166033115,-1.664086082046951,-1.8046731911798723,0.5581453031865006,42803.0,33.054296371232425,0.0,0.0
2020-10,Motor vehicle and motor vehicle parts and accessories merchant wholesalers [415],financement,14.477104288615458,14.892192846034213,0.03994036896701658,-0.01657879013729173,14.460525498478166,3.0742729578893964,4.709114801099032,6787.0,19.30538172715895,0.0,0.0
2020-10,Motor vehicle and parts dealers [441],financement,21.022185422914315,4.478084078582302,0.7297614192495921,12.073246877248815,33.09543230016313,4.339147465659936,4.8447732162329435,9793.0,23.155679561146314,0.0,0.0
2020-10,Motor vehicle and trailer manufacturing,financement,46.7305030985314,2.815483773512781,-0.5641520516908618,-24.7747482522531,21.95183351514643,2.540211683945417,18.39630271519353,1198.0,4.944079897651768,-9.803327829675801e-06,-1.0
2020-10,Motor vehicle parts manufacturing [3363],financement,16.536052793774523,-6.614952335887647,-0.24731296101159114,-5.725543629011287,10.811380400421497,7.939594914123424,2.082732554070134,4580.0,27.53893331729902,2.178089145654649e-06,1.0
2020-10,Non-metallic mineral product manufacturing [327],financement,11.769874177540165,-18.889385509301356,-0.06898716119828815,-2.115095290236314,9.654778887303852,9.266418986718072,1.2701642559450845,4536.0,29.425883879338308,-3.469446951953614e-18,0.0
2020-10,Oil and gas extraction and support services,financement,-5.829815950011902,4.119470371757061,0.11478887931068416,-1.1420674268169781,-6.97188337682888,-14.109762810374827,0.41317604189102825,79928.0,26.26808379179566,0.0,0.0
2020-10,Other retailers,financement,21.377435485176377,80.05206115759891,0.031189848816131262,-1.8300527040659529,19.547382781110425,5.707075697521106,3.745777455599855,32198.0,37.034736599953995,6.938893903907228e-18,0.0
2020-10,Other wholesalers,financement,11.471048471320891,184.16284325816437,-0.016557585636232088,2.8593591808577785,14.330503047893087,2.876567664177859,3.9877554817050997,64407.0,32.82905769436615,2.3848928604186526e-07,1.0
2020-10,Petroleum and coal product manufacturing [324],financement,-5.354255865628034,1.7078829096902792,0.23301180627041315,-1.6455617121692436,-6.999885622783941,-4.515698599190097,1.1856982365006237,11977.0,12.974618409506993,-1.7011246665823987e-07,1.0
2020-10,"Pharmaceutical and medecine manufacturing, and soap, agricultural chemicals, paint and other chemical product manufacturing",financement,-3.119770305488985,10.984776841012007,-0.7739253817092916,10.915867034192479,7.796096728703494,-2.739874022854539,1.1386546532671056,16794.0,29.355520984460487,3.469446951953614e-18,0.0
2020-10,Pipelines [486],financement,3.8464879083791397,17.696128971787424,0.1525799439391339,-2.113177457031963,1.733310451347177,11.307265830172163,0.34017842740684673,4269.0,5.552881801272129,0.0,0.0
2020-10,Plastics and rubber products manufacturing [326],financement,15.959252971137522,-41.55236576289209,-0.0334075723830735,-1.9213235657248202,14.037929405412703,6.879617777890427,2.3197877391425776,6736.0,38.01568937298945,0.0,0.0
2020-10,Primary metal and fabricated metal product and machinery manufacturing,financement,10.045121527421307,8.646142778182329,0.1761464973776687,0.24642520658423772,10.291546734005545,5.903410106698626,1.7015794847156327,38254.0,39.662001036806636,3.469446951953614e-18,0.0
2020-10,"Professional, scientific and technical services [54]",financement,36.21453289781938,3.5994673560056443,-0.6484178289756092,-21.148189990520066,15.06634290729932,10.251891725995298,3.5324732123332603,58806.0,34.80386354489714,6.938893903907228e-18,0.0
2020-10,"Publishing, motion picture and sound recording, broadcasting, and information services",financement,19.33445721134448,-11.78688015711512,-0.2529492276608225,-7.87211825112375,11.46233896022073,11.22121667683789,1.7230268132379456,22235.0,29.780480291442885,0.0,0.0
2020-10,Real estate [531],financement,6.491194194081627,2.461118442689567,0.8522430370486492,3.434603997902487,9.925798191984113,38.896002637349355,0.1668858945378759,194912.0,33.7367415325819,-3.469446951953614e-18,0.0
2020-10,"Rental and leasing of automotive, machinery and equipment, and other goods",financement,7.017726207767597,1.273360471868403,0.15788883908561183,0.9069712373242899,7.924697445091887,14.050954290974769,0.4994483693022356,14577.0,31.896457407934182,0.0,0.0
2020-10,"Repair, maintenance and personal services",financement,18.49540220195242,96.82820037105752,0.018511840365428536,-1.4500842550838062,17.045317946868614,7.29297947026912,2.5360557063613833,9050.0,33.228080481715374,-6.938893903907228e-18,0.0
2020-10,Telecommunications [517],financement,9.31198511461866,4.224881637610943,1.3826967581146032,7.033921485852096,16.345906600470755,16.379597437024604,0.5685112317577328,3651.0,2.8807233763876945,0.0,0.0
2020-10,"Total, non-financial industries",financement,8.980958297362033,8.874668085398445,0.07234179626887072,0.007689224859244832,8.988651050239433,6.285317391444405,1.428879042701478,982166.0,26.54580905221262,8.820045388491238e-09,1.0
2020-10,"Transportation, postal and couriers services, and support activities for transportation",financement,11.458820367537692,7.472211679691027,0.6052923394753231,2.4130636992393564,13.871884066777051,7.803688835906636,1.4683850943431935,21935.0,13.452268517950667,6.938893903907228e-18,0.0
2020-10,Utilities [22],financement,5.06273666966425,5.530579479702403,0.44259086128316,-0.20706295223991986,4.85567371742433,11.627104583163334,0.43542540049010675,5949.0,4.54760885518591,0.0,0.0
2020-10,Warehousing [493],financement,12.54200153338369,0.9863321584354793,0.7302235597592434,8.438222026375552,20.980223559759242,7.169784825440718,1.7492856255435458,2567.0,28.639964297668193,0.0,0.0
2020-10,Wood product and paper manufacturing,financement,39.74637026488202,0.3885105545945097,-0.2536564174349568,-9.983373692019157,29.762996572862864,15.081187166517934,2.635493467856681,8206.0,21.84829202055433,0.0,0.0
2021-01,"Administrative and support, waste management and remediation services [56]",financement,31.529797968463274,0.125395066734026,-0.43398082598715304,-13.628908710925804,17.900889257537468,9.850292383082257,3.2008997035067988,23666.0,33.19587050440442,0.0,0.0
2021-01,"Aerospace, rail and ship products and other transportation equipment manufacturing",financement,4.588805824367995,-32.27505918554968,-0.05468228439643139,-2.0158003504239743,2.5732839715967715,2.3867980608448063,1.9225781601078513,6420.0,11.694841154182454,6.962441318775908e-07,1.0
2021-01,"Agriculture, forestry, fishing and hunting [11]",financement,8.466469353592302,3.2026247014133578,0.6372902797652378,3.35459703102787,11.82106638462017,12.562775923055328,0.6739330069602336,39132.0,26.43625358050046,-3.469446951953614e-18,0.0
2021-01,"Alcohol beverage, tobacco and cannabis product manufacturing",financement,17.034000149501754,0.45104205365412087,-0.3857305549570624,-6.396553629141017,10.637446520360736,25.278669020196798,0.6738487748659618,5092.0,42.85473825955226,0.0,0.0
2021-01,"Arts, entertainment and recreation, and accommodation and food services",financement,9.791425147288946,5.653745288610155,0.5649560117302053,2.3376071107755694,12.129032258064516,5.917815110368245,1.6545676004872107,35933.0,37.61081861857461,3.469446951953614e-18,0.0
2021-01,"Basic chemical manufacturing and resin, synthetic rubber, and artificial and synthetic fibres and filaments manufacturing",financement,20.896714132902087,-10.281346880339234,-0.25775922877968493,-8.036432961619045,12.861509522689865,13.824586445425794,1.5115616091225847,2573.0,14.650950916752079,3.0708785170585617e-06,1.0
2021-01,Building material and supplies merchant wholesalers [416],financement,23.987102790329754,104.41942880967272,0.009379233681870288,-0.7543935813117936,23.23270920901796,6.443617759213553,3.722614172144406,10720.0,30.90762311152116,0.0,0.0
2021-01,"Clothing, sporting goods, and general merchandise stores",financement,19.903956837421738,10.227944405546154,0.19169248504935515,1.854818868434685,21.7594927588443,4.984729060792131,3.992986698911729,10478.0,19.71587167184119,1.7926324696881935e-06,1.0
2021-01,"Clothing, textile, leather and furniture manufacturing, and other manufacturing",financement,-15.64189865812137,-0.12313375404032631,-2.0506049447659125,31.822856048968283,16.180957390846924,4.954326313118497,-3.157220108151412,10502.0,10.330310243748894,2.0816681711721685e-17,0.0
2021-01,Computer and electronic equipment manufacturing [334],financement,7.638477133845056,-2.2041472144358916,-0.39006784260515603,-3.8392912451069297,3.7991858887381276,5.81422419602755,1.3137568962448833,6011.0,38.88098318240621,1.734723475976807e-18,0.0
2021-01,Construction [23],financement,18.2508015439269,-1.8481266039730442,0.17495455937249588,3.5163991179752894,21.767200661902187,8.271020896488888,2.206595990063875,112587.0,35.96833398824984,-6.938893903907228e-18,0.0
2021-01,"Educational, health care and social assistance services",financement,53.80463634249119,0.16956647044654294,-0.5981227133689198,-32.080353523598944,21.723744976908772,23.04062622753335,2.33520720362171,20658.0,29.911819642934713,-1.3446049586876563e-06,-1.0
2021-01,Food and beverage stores [445],financement,11.701690557313297,5.721029181884188,0.6904594516355816,4.129404173696885,15.830610810140191,3.0829013046608384,3.7956747235541637,5177.0,10.03995035295943,-1.2098021749812338e-06,-1.0
2021-01,Food and soft drink and ice manufacturing,financement,16.842474323421467,-21.761791376361707,-0.05344496657621285,-2.0632036900241517,14.779270633397312,6.635061745211472,2.5384050624060412,26340.0,32.67665740373164,-6.938893903907228e-18,0.0
2021-01,"Machinery, equipment and supplies merchant wholesalers [417]",financement,19.04347033449666,-6.83655645132822,-0.15565307681758517,-4.028305797335163,15.014791450345788,5.26816212420599,3.614822377427663,25448.0,33.36917468726233,-9.327170392772755e-07,-1.0
2021-01,Mining and quarrying (except oil and gas) and support activities,financement,8.365271198288484,-2.4354675203962706,-0.30350370476752786,-3.278064215346905,5.08720698294158,14.297568804446964,0.5850834720716043,38942.0,32.37881433441424,0.0,0.0
2021-01,Motor vehicle and motor vehicle parts and accessories merchant wholesalers [415],financement,15.94879654104524,-2.463648930027471,-0.007686130549500975,-0.14152045962623283,15.808190891361706,3.326062306613111,4.795098549216808,7166.0,19.522161985452367,2.2870248567452567e-06,1.0
2021-01,Motor vehicle and parts dealers [441],financement,13.547238053735636,3.6487900927919608,0.624612355402412,6.182692895713231,19.729264090573466,2.5834344374765243,5.243886919370966,10629.0,24.484577641611573,-1.6671471885013056e-06,-1.0
2021-01,Motor vehicle and trailer manufacturing,financement,51.328209688743264,1.321970140923678,-0.626486013986014,-31.328209688743268,20.0,2.576540576100747,19.92136672127311,2047.0,7.4536649309980705,1.3877787807814457e-17,0.0
2021-01,Motor vehicle parts manufacturing [3363],financement,13.216830064182448,-3.9636269574387653,-0.26579754601226996,-4.566523315716191,8.650306748466258,6.563170696809271,2.013787340714435,3822.0,22.43616084531846,3.469446951953614e-18,0.0
2021-01,Non-metallic mineral product manufacturing [327],financement,13.95914272218296,-15.975817602984211,-0.10222752585521082,-3.060176930615737,10.898965791567223,9.96387891333553,1.4009747452370402,4618.0,29.26860185067816,3.469446951953614e-18,0.0
2021-01,Oil and gas extraction and support services,financement,13.619790511987068,10.39146926214843,0.1668271832914133,0.5385717408703949,14.158362252857462,27.948710770178337,0.4873137306397536,82471.0,25.874797242816044,0.0,0.0
2021-01,Other retailers,financement,19.421398100275688,31.994749883420436,0.08446919165554975,-1.062060861523102,18.359337238752584,5.071152882602476,3.8297796477216,33730.0,35.710126515271824,-6.938893903907228e-18,0.0
2021-01,Other wholesalers,financement,14.572329136216547,11.250779572244124,0.03186305936658546,0.10583473094590937,14.678163867162455,3.981760787848114,3.659770114942529,68566.0,33.79383424924222,0.0,0.0
2021-01,Petroleum and coal product manufacturing [324],financement,6.770370484448657,4.475633129771323,0.21327138194773163,0.48940180683911705,7.259772291287775,5.202171937636595,1.3014507335804268,11842.0,13.092895208190523,3.469446951953614e-18,0.0
2021-01,"Pharmaceutical and medecine manufacturing, and soap, agricultural chemicals, paint and other chemical product manufacturing",financement,0.2157411360996901,0.9698174600296033,-0.7776250734709401,0.5863886567986953,0.8021297928983854,0.17065466143268745,1.2641971469662223,17161.0,29.252535583397254,0.0,0.0
2021-01,Pipelines [486],financement,4.063297600816743,39.702738470935564,0.14332195278531618,-5.107914261682237,-1.0446759461904345,9.745347698334966,0.4169474221541603,2716.0,3.5496771832605796,-1.482133123531862e-07,-1.0
2021-01,Plastics and rubber products manufacturing [326],financement,19.364015624905665,31.83576272565246,0.04255594360367352,-0.5307469662586594,18.833268658647007,8.750502687639585,2.2129032258064516,7307.0,37.332039033362285,6.938893903907228e-18,0.0
2021-01,Primary metal and fabricated metal product and machinery manufacturing,financement,15.925981977307424,10.093153703610957,0.15880521089788532,0.9262835241355157,16.852265501442943,8.921929226228604,1.7850379187595853,38612.0,37.77269081019741,6.938893903907228e-18,0.0
2021-01,"Professional, scientific and technical services [54]",financement,24.345051301233255,5.311749567237386,-0.6767962605817006,-12.8816674400916,11.46338386114165,6.441031411069026,3.7796821265916907,71478.0,37.090388297623925,-6.938893903907228e-18,0.0
2021-01,"Publishing, motion picture and sound recording, broadcasting, and information services",financement,11.074145684192079,-12.614176151041065,-0.26685557944107874,-6.321360849327899,4.75278483486418,6.733331853200418,1.644675463148074,28081.0,34.60936440834638,0.0,0.0
2021-01,Real estate [531],financement,8.680119143353712,2.6564772387006417,0.7823178906599136,4.712402828938855,13.392521972292567,50.47386348876564,0.17197255259220876,204373.0,34.14702201637736,0.0,0.0
2021-01,"Rental and leasing of automotive, machinery and equipment, and other goods",financement,9.039168415003621,-2.8958308735342184,0.12288783080500498,1.4666661732276929,10.506034769128556,17.50691499170201,0.5163198895572428,16143.0,35.449514691027275,5.00452243108046e-07,1.0
2021-01,"Repair, maintenance and personal services",financement,24.618256934204958,-86.73411418737157,-0.02065697705371879,-2.300203375135585,22.31805355906937,9.796072430230602,2.5130742049469963,10105.0,34.77767070484582,-6.938893903907228e-18,0.0
2021-01,Telecommunications [517],financement,9.08796175812961,4.18105740993249,1.244584322603206,6.107056224279639,15.195185246535257,15.444114934708974,0.5884417330840631,3386.0,2.67129501794801,4.18160315013294e-07,1.0
2021-01,"Total, non-financial industries",financement,13.035163435060335,14.969083486871767,0.07280457006235014,-0.14079821790708927,12.894365217153247,8.985863618486462,1.450630010480386,1048795.0,27.29055866548324,6.938893903907228e-18,0.0
2021-01,"Transportation, postal and couriers services, and support activities for transportation",financement,9.176502062679775,6.519968973046635,0.6201714867025142,1.6475060756722084,10.824008138351985,6.326422662798328,1.4505041082128378,27365.0,15.861009679476034,0.0,0.0
2021-01,Utilities [22],financement,7.923669092751434,5.258264001365734,0.5413999464078364,1.4430501736313923,9.366719266382827,17.577181960786465,0.4507929149523865,6665.0,5.168870448640893,0.0,0.0
2021-01,Warehousing [493],financement,11.400295063295111,2.0423187894758157,0.8886835079071678,8.316279181929778,19.71657424522489,7.270257517480017,1.5680730752501086,2422.0,25.082850041425022,6.938893903907228e-18,0.0
2021-01,Wood product and paper manufacturing,financement,40.578692233805256,-0.3297290399889357,-0.27813953488372095,-11.378249265920433,29.200442967884825,14.414927162272539,2.815046637211586,8414.0,21.353704032687865,0.0,0.0
2021-04,"Administrative and support, waste management and remediation services [56]",financement,27.053406513099414,-0.09417118592774967,-0.3994113774542075,-10.843051403313565,16.21035510978585,9.002130140998515,3.005222773873235,24488.0,33.526834611171964,0.0,0.0
2021-04,"Aerospace, rail and ship products and other transportation equipment manufacturing",financement,3.4058474909629175,-20.96429947214443,-0.0821738613390415,-2.0025890773584463,1.4032584136044715,1.7435878837391747,1.9533557916558695,6294.0,12.033956636457496,8.673617379884035e-19,0.0
2021-04,"Agriculture, forestry, fishing and hunting [11]",financement,12.076013650168562,3.752067074270271,0.63105362686703,5.252856676568013,17.328870326736578,18.235219279066843,0.662235724471449,40456.0,27.181595850466284,6.938893903907228e-18,0.0
2021-04,"Alcohol beverage, tobacco and cannabis product manufacturing",financement,22.18653928856623,-0.7209632438331354,-0.3771733204095232,-8.64009879243463,13.545768461864663,28.15910088346977,0.7878994212343757,5453.0,45.396270396270396,-1.680085667338238e-06,-1.0
2021-04,"Arts, entertainment and recreation, and accommodation and food services",financement,12.875363685931978,6.282887941436136,0.5852423587527015,3.8581960547287193,16.7335597406607,7.346517578097784,1.7525805320765007,35226.0,36.15407510802295,0.0,0.0
2021-04,"Basic chemical manufacturing and resin, synthetic rubber, and artificial and synthetic fibres and filaments manufacturing",financement,20.32930128106977,-11.655913978494622,-0.24400972334760967,-7.804703526700051,12.524597754369719,13.341103965702036,1.5238095238095237,2548.0,14.353312302839116,-6.938893903907228e-18,0.0
2021-04,Building material and supplies merchant wholesalers [416],financement,23.65345879498467,64.77837423924574,0.008692981108892644,-0.35749811306176876,23.2959606819229,6.317156380410119,3.7443206041780863,10722.0,29.894607706462946,0.0,0.0
2021-04,"Clothing, sporting goods, and general merchandise stores",financement,18.586288848979883,10.073502168710945,0.2515973254086181,2.141794360529774,20.72808320950966,4.840520593240262,3.839729320630398,10492.0,19.69773772646203,0.0,0.0
2021-04,"Clothing, textile, leather and furniture manufacturing, and other manufacturing",financement,-15.931972614979362,0.6243989647565662,-2.185309896130579,36.18080265721199,20.248830042232623,5.513014649125397,-2.889883961673648,10665.0,10.501491773092942,-2.0816681711721685e-17,0.0
2021-04,Computer and electronic equipment manufacturing [334],financement,7.011652584263739,-1.4488141958649081,-0.3861804014934257,-3.2672664579718713,3.7443861262918676,5.306924667459825,1.3212270803949224,6167.0,40.06626819126819,0.0,0.0
2021-04,Construction [23],financement,18.767548725838605,-1.7942599432880373,0.20220886795517298,4.15778005409496,22.925450706512912,8.160902479709463,2.2996903556316908,115525.0,35.95538140248552,3.048164483737681e-07,1.0
2021-04,"Educational, health care and social assistance services",financement,59.72878546274569,-0.01102336726044338,-0.6147514061666051,-36.72513148237044,23.00365398037525,23.302222617232424,2.5632226781051846,21240.0,28.48139456922561,6.938893903907228e-18,0.0
2021-04,Food and beverage stores [445],financement,13.346107900952955,6.043608158335269,0.6351644816214912,4.638288463560835,17.984396364513795,3.362910855288337,3.9686178061977375,4980.0,9.72238491273281,6.938893903907228e-18,0.0
2021-04,Food and soft drink and ice manufacturing,financement,15.86564540222796,-16.07790497563677,-0.07366208977863452,-2.353028675782606,13.512616726445353,5.811145498028405,2.730209630375083,25595.0,31.69423943731735,0.0,0.0
2021-04,"Machinery, equipment and supplies merchant wholesalers [417]",financement,20.30405520160152,-11.143349156870084,-0.12468913800359643,-3.921149741908366,16.382905459693156,5.460527753117972,3.7183320220298977,25749.0,33.90971106487213,0.0,0.0
2021-04,Mining and quarrying (except oil and gas) and support activities,financement,6.161578424432967,-2.5375697561049884,-0.30955176571557946,-2.6928366795069945,3.468774187433855,10.358267057217173,0.594846453600543,38662.0,31.82843500452787,8.110626970384005e-08,1.0
2021-04,Motor vehicle and motor vehicle parts and accessories merchant wholesalers [415],financement,21.839730052185065,1.6001724672244904,-0.080545229244114,-1.6301998054800957,20.20953024670497,4.1681680934839465,5.239647145307523,6542.0,18.214216109363253,0.0,0.0
2021-04,Motor vehicle and parts dealers [441],financement,24.011847124677534,4.019970012933353,0.5381856753207395,10.759341884313276,34.7711890089908,3.817570795680391,6.289823662693331,10308.0,24.487468820525002,-1.3877787807814457e-17,0.0
2021-04,Motor vehicle and trailer manufacturing,financement,54.00777055146912,12.39436474045459,-0.5088967971530249,-21.176928935854374,32.83511269276394,4.622709096730813,11.683142811141524,1931.0,7.5865320394452525,1.0677692872981814e-05,1.0
2021-04,Motor vehicle parts manufacturing [3363],financement,10.00514487087596,2.106601455094046,-0.25078566939032054,-1.9808414977353763,8.024303373140583,5.415225981270233,1.8475950782997763,3887.0,22.942981938377997,0.0,0.0
2021-04,Non-metallic mineral product manufacturing [327],financement,13.241899620742501,-4.696037410780212,-0.1417472273293399,-2.5426528382266342,10.699246782515864,9.376763036394827,1.4122037177803883,4855.0,28.687071614275585,-3.469446951953614e-18,0.0
2021-04,Oil and gas extraction and support services,financement,9.297768944239463,15.255682653571323,0.1361587123638693,-0.8112218590376703,8.486547085201794,18.35025733759911,0.5066833000313637,80724.0,25.70828025477707,3.469446951953614e-18,0.0
2021-04,Other retailers,financement,20.299829219138346,44.48531060775959,0.0801917671069352,-1.9394764908854303,18.36035272825292,5.1839908539287665,3.9158690266117677,33340.0,35.52931648159594,6.938893903907228e-18,0.0
2021-04,Other wholesalers,financement,14.096701193294962,25.71194924327122,0.021250375238967976,-0.24682837955568657,13.849872813739275,3.6414093216274748,3.8712212630341285,67190.0,32.851568993673176,0.0,0.0
2021-04,Petroleum and coal product manufacturing [324],financement,7.597025385320716,5.110152530223542,0.22300437140674123,0.5545835178194332,8.151608903140147,5.368689969081842,1.415061295971979,11713.0,12.68148501023137,-3.469446951953614e-18,0.0
2021-04,"Pharmaceutical and medecine manufacturing, and soap, agricultural chemicals, paint and other chemical product manufacturing",financement,10.1799726953925,1.1815195321879486,-0.7849006668338797,-7.062891888272688,3.1170808071198137,6.680103454733813,1.523924406915963,16318.0,28.689475719962022,3.469446951953614e-18,0.0
2021-04,Pipelines [486],financement,6.871415827704855,31.32714735677194,0.1760562324835514,-4.305583955636752,2.5658318720681024,16.80169512651128,0.4089715814961132,3774.0,4.668365453600851,8.673617379884035e-19,0.0
2021-04,Plastics and rubber products manufacturing [326],financement,16.983764124422425,33.323934395413325,0.03337620578778135,-0.5453728855719793,16.437299035369776,7.493824746024262,2.266367936270849,7129.0,36.178634864247655,-2.7305087016704643e-06,-1.0
2021-04,Primary metal and fabricated metal product and machinery manufacturing,financement,20.458646138378185,8.144251489415643,0.1481191222570533,1.8239973265312859,22.282643464909473,10.82417388740771,1.8900884585916278,37984.0,37.200191955497665,6.938893903907228e-18,0.0
2021-04,"Professional, scientific and technical services [54]",financement,37.76950007221006,5.869505681679805,-0.6578814524365763,-20.986414642360675,16.78308542984938,10.324541977190693,3.65822524191888,71135.0,35.98893037468759,0.0,0.0
2021-04,"Publishing, motion picture and sound recording, broadcasting, and information services",financement,10.663396008898372,-10.696795533002906,-0.28747284576393917,-6.140475048613184,4.522920960285189,6.058188032769053,1.7601626016260163,27684.0,32.75902873100772,1.734723475976807e-18,0.0
2021-04,Real estate [531],financement,9.199522336388839,2.1823118075470873,0.7821635696532134,5.488606436246977,14.688128772635814,52.77021241149521,0.17433172837456418,204234.0,33.49806212675643,0.0,0.0
2021-04,"Rental and leasing of automotive, machinery and equipment, and other goods",financement,8.406124348842276,-4.595910418695229,0.11322543658493561,1.4721610630469462,9.878285411889221,15.602941176470589,0.5387525501614276,16554.0,35.9681905092995,-3.469446951953614e-18,0.0
2021-04,"Repair, maintenance and personal services",financement,25.51073890850705,-165.9797308748263,-0.009903156973245062,-1.8963601811447905,23.614378727362258,9.736824670723522,2.620026525198939,10187.0,35.11547742157877,-6.938893903907228e-18,0.0
2021-04,Telecommunications [517],financement,8.640795415011747,4.1435311588498225,1.1935956051105048,5.367914851175437,14.008710266187183,14.460930803535419,0.5975269180389993,3175.0,2.489551723867548,0.0,0.0
2021-04,"Total, non-financial industries",financement,13.76522926278924,14.098037019835937,0.06692838838215093,-0.022274286820213825,13.742954975969027,9.118680372220965,1.509563741780386,1046753.0,27.003559016312245,0.0,0.0
2021-04,"Transportation, postal and couriers services, and support activities for transportation",financement,9.410166333332361,1.892680713577157,0.608997381487258,4.578129057799036,13.988295391131397,6.304692579962329,1.492565452475811,26572.0,15.228467124002085,0.0,0.0
2021-04,Utilities [22],financement,6.000108372867986,5.675703276283973,0.4667071504478518,0.1514021782174851,6.1515105510854715,15.264442545805823,0.3930774644971639,6569.0,5.309784585539345,0.0,0.0
2021-04,Warehousing [493],financement,10.981057135426468,1.1700235661570948,0.7810444874274661,7.66285368524366,18.64603481624758,7.111431445860925,1.5441416006081008,2454.0,24.86322188449848,5.309988943630328e-06,1.0
2021-04,Wood product and paper manufacturing,financement,49.07818006694074,3.531797545452632,-0.2990800796981644,-13.622015714489747,35.457204629276355,16.007479550180133,3.0659530073482717,8231.0,20.810578478964402,2.600692063411958e-06,1.0
2021-07,"Administrative and support, waste management and remediation services [56]",financement,30.782545826922174,-0.10981981145298332,-0.4443782318678995,-13.727894820597808,17.05465100632437,9.540819942752837,3.22640464987545,25372.0,33.29527708882853,6.938893903907228e-18,0.0
2021-07,"Aerospace, rail and ship products and other transportation equipment manufacturing",financement,2.192944114892289,-90.63209076175042,-0.037097162097162094,-3.4435453654935397,-1.2506012506012507,1.1191841937539835,1.9594130502653762,6316.0,11.730401352079193,0.0,0.0
2021-07,"Agriculture, forestry, fishing and hunting [11]",financement,11.397977673844565,3.5953793396240483,0.5926387051591316,4.624121773669245,16.022099447513813,17.769159389920915,0.6414472077002004,40139.0,27.36221411772726,6.938893903907228e-18,0.0
2021-07,"Alcohol beverage, tobacco and cannabis product manufacturing",financement,23.551316832751564,0.1973610930625429,-0.38718530008352225,-9.042308361208791,14.509008471542776,28.70421529497201,0.8204828660436138,5479.0,45.98405371380613,6.938893903907228e-18,0.0
2021-07,"Arts, entertainment and recreation, and accommodation and food services",financement,10.850892041719746,7.6838442629214025,0.6397437548287407,2.026099037730476,12.876641771825906,6.076308674549659,1.7857703785142138,36161.0,35.789504938735924,-8.732690607929361e-07,-1.0
2021-07,"Basic chemical manufacturing and resin, synthetic rubber, and artificial and synthetic fibres and filaments manufacturing",financement,19.665151816336458,-8.83888372404412,-0.2574656078738396,-7.338808837261614,12.325243261380159,12.716453373538824,1.5464336823077502,2494.0,14.147946448831405,-2.7492942367111917e-06,-1.0
2021-07,Building material and supplies merchant wholesalers [416],financement,25.901581097885945,-44.92808005003127,-0.017444334137001843,-1.2355762758748854,24.66600482201106,7.352904094528692,3.522632794457275,10379.0,27.869072552494494,6.938893903907228e-18,0.0
2021-07,"Clothing, sporting goods, and general merchandise stores",financement,26.274992504606836,17.61665684432715,0.13352731975428386,1.156124354250084,27.431116858856917,5.79793220432994,4.531786778221462,10725.0,20.42934968951198,0.0,0.0
2021-07,"Clothing, textile, leather and furniture manufacturing, and other manufacturing",financement,-16.230284963946843,0.30195424953661193,-2.1835164835164833,36.09841683207871,19.86813186813187,5.78195848973629,-2.8070566388115137,10415.0,10.2343634844986,6.938893903907228e-18,0.0
2021-07,Computer and electronic equipment manufacturing [334],financement,12.85803176250459,-1.8437637488308942,-0.4300981349226738,-6.32321482943993,6.535477572830499,8.79588963625206,1.4618227711169205,6307.0,40.94656885022398,1.6515994145961665e-06,1.0
2021-07,Construction [23],financement,18.754097970958973,-1.686257271570145,0.20986461602303083,4.2897073043477185,23.04380527530669,8.261222747360904,2.270135855730325,115932.0,35.10016985125148,0.0,0.0
2021-07,"Educational, health care and social assistance services",financement,61.13899305141508,-0.003995491950766139,-0.6056426394725835,-37.03080096664603,24.108192084769055,25.176188447267023,2.4284451627566352,20873.0,29.437980396304916,6.938893903907228e-18,0.0
2021-07,Food and beverage stores [445],financement,14.374532882519652,6.843398690111685,0.6354142581888247,4.785390046189402,19.159922928709054,3.3293354927155274,4.317538113527651,4666.0,9.020434202640788,0.0,0.0
2021-07,Food and soft drink and ice manufacturing,financement,14.646045030891052,-4.5419317483884,-0.09251005544080879,-1.7750807956480936,12.87096423524296,5.173087494409889,2.831199945239236,25480.0,32.185127641567824,0.0,0.0
2021-07,"Machinery, equipment and supplies merchant wholesalers [417]",financement,22.573903821827063,-6.488933560799497,-0.13081820843091335,-3.8019483183141816,18.77195550351288,6.280870768183884,3.594072327705974,25975.0,33.75480819211976,-6.938893903907228e-18,0.0
2021-07,Mining and quarrying (except oil and gas) and support activities,financement,9.73929759349881,-3.101019008256407,-0.3146626331300971,-4.0403678321323975,5.698929761366413,15.465439682325105,0.6297459233978006,38672.0,31.410261616809752,1.734723475976807e-18,0.0
2021-07,Motor vehicle and motor vehicle parts and accessories merchant wholesalers [415],financement,22.149945670431688,-0.19652555882579462,-0.12327213822894169,-2.7546972903020968,19.39524838012959,4.274204552324578,5.182238098170845,6090.0,17.28983902563666,0.0,0.0
2021-07,Motor vehicle and parts dealers [441],financement,25.615309380481833,5.2619664329472915,0.4050578242717981,8.244280810986087,33.85959019146792,3.982077105467051,6.432650273224044,10596.0,26.478746532723594,0.0,0.0
2021-07,Motor vehicle and trailer manufacturing,financement,11.335699730493657,3.345246941977187,-0.41058015023174044,-3.2807213063287213,8.054978424164934,1.1574854810914394,9.793383947939262,1868.0,7.227423972761742,0.0,0.0
2021-07,Motor vehicle parts manufacturing [3363],financement,9.88535341760347,-1.4105030016902722,-0.2580679126085812,-2.9150980872533783,6.970255330350092,5.6039535685553385,1.7639963102249343,3615.0,22.73441921891705,0.0,0.0
2021-07,Non-metallic mineral product manufacturing [327],financement,19.21076518853203,-2.926302779978743,-0.14761273973391695,-3.2677132525078103,15.941945516327824,12.184986886040011,1.5765930130414216,5012.0,28.68261416962344,-2.7660492409944948e-06,-1.0
2021-07,Oil and gas extraction and support services,financement,13.805434206150569,16.162265944692443,0.12585219202727013,-0.2966124405349367,13.50882176561563,23.201178571082124,0.5950315913415545,84265.0,26.564421045994767,0.0,0.0
2021-07,Other retailers,financement,21.287868205782292,35.08668978394239,0.07705252807926484,-1.0632340871119463,20.224634118670348,5.227171176628467,4.072540861291059,32411.0,34.375563451238264,6.938893903907228e-18,0.0
2021-07,Other wholesalers,financement,14.095897787146997,-50.13036585972146,-0.018556132108010333,-1.1917910330351924,12.904214794318957,3.4471433346569325,4.089153370975174,65104.0,31.86701843866098,2.7010051788234346e-07,1.0
2021-07,Petroleum and coal product manufacturing [324],financement,9.546266404815603,2.7475740280268264,0.20149936907736843,1.3699322244740526,10.916198629289656,6.0498557002094655,1.5779329091246062,11648.0,12.40640344243612,0.0,0.0
2021-07,"Pharmaceutical and medecine manufacturing, and soap, agricultural chemicals, paint and other chemical product manufacturing",financement,6.78858818576173,0.2084061224511251,-0.7808175144433344,-5.137921403258798,1.6506667825029322,4.4393284431981,1.529192595822268,16701.0,28.63437633947707,-8.673617379884035e-19,0.0
2021-07,Pipelines [486],financement,5.38879409764912,8.691177165594198,0.21872218144336336,-0.7223044285825744,4.666489669066546,14.000530570120745,0.3848992772566508,2844.0,3.211672237781191,0.0,0.0
2021-07,Plastics and rubber products manufacturing [326],financement,18.842026755201765,50.257397516603774,0.022541755619741304,-0.7081576104070902,18.133869144794676,8.463217280131861,2.2263432606693274,7339.0,36.740926157697125,0.0,0.0
2021-07,Primary metal and fabricated metal product and machinery manufacturing,financement,21.025937429879693,14.718768886594022,0.10459075807913017,0.6596715392750915,21.685291452733313,10.983732276164478,1.9142798550823705,37588.0,36.26190223525666,-7.937910536798265e-07,-1.0
2021-07,"Professional, scientific and technical services [54]",financement,45.34850357942343,5.676507190430873,-0.6936350485637528,-27.517887141899877,17.830616437523553,10.729601207874904,4.226485467711536,71487.0,34.95047375059891,-6.938893903907228e-18,0.0
2021-07,"Publishing, motion picture and sound recording, broadcasting, and information services",financement,8.557857547398799,-5.787616026318882,-0.31462792503049797,-4.5134865840786365,4.044212783261248,4.563870670808883,1.8751314760376494,28074.0,32.398559756266444,-3.9545014728602224e-07,-1.0
2021-07,Real estate [531],financement,9.523299901378705,2.4973600619342293,0.8038216929607255,5.647602856382465,15.17087516479059,53.69543462815377,0.17735772076953102,214922.0,33.906802911048324,-6.898242644465258e-08,-1.0
2021-07,"Rental and leasing of automotive, machinery and equipment, and other goods",financement,8.483007383403063,-1.7521103400796416,0.13493530499075784,1.38107873163445,9.864086115037512,15.595609248267078,0.5439356198505461,17056.0,35.7860724701538,0.0,0.0
2021-07,"Repair, maintenance and personal services",financement,24.81798176460815,-272.67224213460776,-0.006765604539502401,-2.0127012092701206,22.806634657354866,9.707187994686564,2.556660258170832,10341.0,35.677074348801106,3.3852550420931937e-06,1.0
2021-07,Telecommunications [517],financement,8.489540211740145,4.068717119392772,1.2288353913120724,5.43246387460613,13.922004086346274,14.318537504205448,0.5929055400557991,3301.0,2.488559861889074,0.0,0.0
2021-07,"Total, non-financial industries",financement,14.555684830912655,17.086818155365926,0.0624894570893318,-0.15816914726580047,14.397510275390117,9.460509644822475,1.5385730132285902,1061152.0,26.81291636503298,-1.3520641849174009e-08,-1.0
2021-07,"Transportation, postal and couriers services, and support activities for transportation",financement,13.18048534760987,5.513538128393974,0.5858932507463519,4.492012629567105,17.672497977176977,8.417739181552191,1.565798733286418,27459.0,15.01476377952756,0.0,0.0
2021-07,Utilities [22],financement,5.18658029265062,7.78889411132747,0.44557802776448063,-1.159533858950285,4.027046433700335,13.238246170100371,0.39178756959248295,7264.0,5.656748148551938,0.0,0.0
2021-07,Warehousing [493],financement,8.418170916435242,2.413044195172969,1.009604728481714,6.062804332918283,14.480975249353529,6.549606662672729,1.285294117647059,2657.0,21.38430583501006,6.938893903907228e-18,0.0
2021-07,Wood product and paper manufacturing,financement,30.509903537828315,0.8840811178272479,-0.29024980182524035,-8.598889086315072,21.911014451513243,11.95224512696808,2.5526504195423696,8127.0,21.102513502285003,0.0,0.0
2021-10,"Administrative and support, waste management and remediation services [56]",financement,28.35534845369913,1.2672169226884915,-0.44660281245515854,-12.097635725904611,16.25771272779452,9.099725045163089,3.1160665089294395,24618.0,32.56736913124578,-6.938893903907228e-18,0.0
2021-10,"Aerospace, rail and ship products and other transportation equipment manufacturing",financement,18.578992529066547,-34.40544692521852,-0.20135383884567426,-10.668620283206499,7.909269045781129,6.66388069456518,2.788013978734478,6747.0,12.371871275327772,-2.7580001972921098e-06,-1.0
2021-10,"Agriculture, forestry, fishing and hunting [11]",financement,9.499560467529664,1.7710324637107173,0.5952746648463129,4.600596917228667,14.10015738475833,15.247796812555245,0.6230120052300012,40197.0,27.178315224373062,0.0,0.0
2021-10,"Alcohol beverage, tobacco and cannabis product manufacturing",financement,20.15199716711867,0.7472479967886864,-0.38338630200892204,-7.4395150258235105,12.712482141295157,23.91551268744251,0.8426328730849253,5539.0,47.54914584942914,0.0,0.0
2021-10,"Arts, entertainment and recreation, and accommodation and food services",financement,11.586049454227458,7.830693665791647,0.6399752515549187,2.4033347653824286,13.989384219609885,6.5789092884792675,1.7610897104960088,35730.0,34.947524917105994,-6.938893903907228e-18,0.0
2021-10,"Basic chemical manufacturing and resin, synthetic rubber, and artificial and synthetic fibres and filaments manufacturing",financement,20.16090297267698,13.762541258328994,-0.241906186558393,-1.5478032825391423,18.613099690137837,13.063160419282479,1.5433403805496828,2742.0,15.484526767562684,0.0,0.0
2021-10,Building material and supplies merchant wholesalers [416],financement,22.26019747204866,-534.0187313750531,-0.00117243602895917,-0.6522014583311567,21.6079960137175,6.324080011796797,3.5199107902690963,10637.0,27.497156447109916,-6.938893903907228e-18,0.0
2021-10,"Clothing, sporting goods, and general merchandise stores",financement,26.239802077635737,28.88594252255743,0.0905450654147537,-0.23959495968205996,26.00020711795368,5.42631851720693,4.835654596100278,10943.0,20.868056217700566,0.0,0.0
2021-10,"Clothing, textile, leather and furniture manufacturing, and other manufacturing",financement,-14.43432181881867,-0.24139032642908317,-2.10426273759982,29.865656876742413,15.431335057923743,4.691345723555406,-3.0767977184762683,10418.0,10.093396372655402,0.0,0.0
2021-10,Computer and electronic equipment manufacturing [334],financement,10.381411772123963,-2.0850265947269735,-0.45172163451566066,-5.631359915662648,4.750051856461314,6.702654290832111,1.548850846495791,6756.0,39.89371124889283,0.0,0.0
2021-10,Construction [23],financement,17.666592226489776,-2.225771323310748,0.23896238651102464,4.753526667205252,22.420233463035018,8.423557662094433,2.0972839428628256,119592.0,35.21793289887124,2.864233499752511e-07,1.0
2021-10,"Educational, health care and social assistance services",financement,56.07011414585777,0.001377566953321397,-0.5837246289003333,-32.72870245243155,23.341411693426235,25.39987492501811,2.207495679068498,21084.0,31.783167764595927,1.3877787807814457e-17,0.0
2021-10,Food and beverage stores [445],financement,17.429124266325413,7.294383919250865,0.573741984566895,5.814726039800734,23.243850306126145,4.464789581834552,3.903683241252302,4407.0,8.646771440343752,0.0,0.0
2021-10,Food and soft drink and ice manufacturing,financement,14.45426912669686,-1.923911306715815,-0.10094398019189106,-1.6532787212496267,12.80099040544723,5.043783926276983,2.865758989276555,24719.0,31.27443414010805,-6.938893903907228e-18,0.0
2021-10,"Machinery, equipment and supplies merchant wholesalers [417]",financement,24.88429914549621,-4.068907052084742,-0.19711353783679966,-5.707068905323536,19.177230240172676,5.977052327860704,4.16330622194883,26277.0,33.723482077542066,6.938893903907228e-18,0.0
2021-10,Mining and quarrying (except oil and gas) and support activities,financement,10.689821195730879,-2.2940125810950183,-0.33001407352658274,-4.28484787468235,6.404973321048528,16.771117480072586,0.637394688125732,36682.0,29.48547911291165,-3.469446951953614e-18,0.0
2021-10,Motor vehicle and motor vehicle parts and accessories merchant wholesalers [415],financement,12.717537082452566,25.07284237900237,-0.09190098794919119,1.1354647631668016,13.853001845619367,2.5389240280245953,5.0090262418554605,6630.0,18.285115419619956,0.0,0.0
2021-10,Motor vehicle and parts dealers [441],financement,26.63333695099367,4.588572589130811,0.35414951047671334,7.807142507328227,34.440479458321896,4.3038092920841065,6.188317172877462,10805.0,27.332979180896007,0.0,0.0
2021-10,Motor vehicle and trailer manufacturing,financement,32.01443620604057,1.4484271168997012,-0.4343618513323983,-13.27670829580214,18.73772791023843,2.7861167238997373,11.490701710885197,2837.0,10.608780195946451,0.0,0.0
2021-10,Motor vehicle parts manufacturing [3363],financement,9.844374152733845,0.9181510710259302,-0.2861290322580645,-2.5540515720886843,7.290322580645162,5.0197235023041475,1.9611387257117037,3359.0,21.597119526779398,0.0,0.0
2021-10,Non-metallic mineral product manufacturing [327],financement,7.895294998059091,9.602198595341866,-0.12599595671304556,0.21506295175658222,8.110357949815674,5.625990943206835,1.40336077284169,5155.0,28.713863978165207,0.0,0.0
2021-10,Oil and gas extraction and support services,financement,16.993891276047385,18.628755977248606,0.09514737531580425,-0.15555308531575257,16.83840179657528,25.972929972721197,0.6542924226837595,87268.0,27.498282696513087,1.5901460911210696e-07,1.0
2021-10,Other retailers,financement,21.852726454882728,55.15495554412486,0.04619241961164693,-1.5383105400934671,20.31441591478926,5.272267695591167,4.144843872999213,31583.0,33.20646402624302,0.0,0.0
2021-10,Other wholesalers,financement,16.26658116634232,-33.93239199913522,-0.02584712821573508,-1.2974992957063427,14.969081870635979,3.995559811180207,4.0711644763334185,64941.0,30.975321243572743,0.0,0.0
2021-10,Petroleum and coal product manufacturing [324],financement,10.871332313950855,2.0161239680184226,0.183990747504261,1.629276402874079,12.500608716824932,6.176362200774988,1.760151357798731,11608.0,12.460149633430298,-6.938893903907228e-18,0.0
2021-10,"Pharmaceutical and medecine manufacturing, and soap, agricultural chemicals, paint and other chemical product manufacturing",financement,13.419109770291318,0.3960453108113518,-0.7833969884542781,-10.202229478002547,3.2169981122964133,8.845325882837905,1.517084836447651,17294.0,29.40956397523978,2.945500191028211e-07,1.0
2021-10,Pipelines [486],financement,5.068260620467943,12.165931952376383,0.23891671592570699,-1.695752325339603,3.372429455869085,11.753335338240998,0.4312189242127467,2119.0,2.292768959435626,-1.970981481375783e-07,-1.0
2021-10,Plastics and rubber products manufacturing [326],financement,13.86418894703231,61.54410685454279,0.008753799392097264,-0.4173804363940127,13.446808510638297,6.0702467384447,2.283958057129083,7336.0,36.49751243781095,0.0,0.0
2021-10,Primary metal and fabricated metal product and machinery manufacturing,financement,19.972436976020973,11.409851067295074,0.10619313693941433,0.909287857960829,20.881724833981803,10.476621804154497,1.9063814032211144,37887.0,36.157237746220794,6.938893903907228e-18,0.0
2021-10,"Professional, scientific and technical services [54]",financement,46.20215679987638,5.602741866134528,-0.6552646059952532,-26.60335963019615,19.598797169680225,13.020283382793224,3.548475516357363,72511.0,35.465158933174216,0.0,0.0
2021-10,"Publishing, motion picture and sound recording, broadcasting, and information services",financement,13.893600341851009,-7.944992920642255,-0.28330161750713606,-6.186908795344785,7.706945765937203,7.48819865416787,1.8553995404646413,28316.0,32.097757827200795,6.355485774461878e-07,1.0
2021-10,Real estate [531],financement,10.551260816382522,2.236746868776133,0.7749488539335975,6.443323054712483,16.994583871095003,57.2686483106477,0.18424148513421046,213331.0,33.119554619917906,0.0,0.0
2021-10,"Rental and leasing of automotive, machinery and equipment, and other goods",financement,8.482020436543005,-1.4597825792856793,0.16015090584967456,1.59218875876399,10.074209195306993,16.131633811079205,0.525800457404231,16930.0,33.77488728404421,-3.469446951953614e-18,0.0
2021-10,"Repair, maintenance and personal services",financement,23.309166789670034,-97.50955143625302,-0.016099205917545958,-1.9450854234130979,21.364081366256933,8.883096553997028,2.623991155334439,10261.0,35.198271130625685,0.0,0.0
2021-10,Telecommunications [517],financement,8.78109851299069,4.151754388347275,1.387915268381896,6.42513739318662,15.206235906177312,15.082839909057332,0.5821913224523181,3247.0,2.360956598244734,6.938893903907228e-18,0.0
2021-10,"Total, non-financial industries",financement,15.354505395782034,16.994629109232086,0.047942525149535606,-0.07863167238042892,15.275879210753626,9.938714792770762,1.5449186052658053,1065504.0,26.544369538089843,1.3718380049987378e-08,1.0
2021-10,"Transportation, postal and couriers services, and support activities for transportation",financement,15.227275399378062,13.134730499201167,0.1767210933101295,0.36979682255979685,15.59707222193786,9.393285674614734,1.62108083655218,27934.0,14.352287148501523,0.0,0.0
2021-10,Utilities [22],financement,7.058894026705549,7.59231997995427,0.4681309658216155,-0.24971320668863992,6.809284321344262,15.606783253842076,0.452296537466668,6687.0,5.223443395121037,2.587533183828761e-07,1.0
2021-10,Warehousing [493],financement,9.6758272994771,2.2691643417032017,0.8874923359901901,6.573356610286768,16.24770079705702,7.948923241157028,1.217250060911232,2784.0,20.476610767872902,-3.707781767121887e-06,-1.0
2021-10,Wood product and paper manufacturing,financement,28.60503988256741,7.735424868366629,-0.29778053019557704,-6.214565023906284,22.39047485866113,11.625303576193486,2.460584336149754,7593.0,20.181803683916755,0.0,0.0
2022-01,"Administrative and support, waste management and remediation services [56]",financement,25.04302816289516,-0.6144323024362188,-0.4027689447678685,-10.334028277044824,14.708999885850332,8.077713163512579,3.100262123197903,26628.0,33.74477252566215,-6.938893903907228e-18,0.0
2022-01,"Aerospace, rail and ship products and other transportation equipment manufacturing",financement,10.753242291505625,-16.529449018366055,-0.35168996046550477,-9.595048628161344,1.1581936633442842,3.5011185682326618,3.071373357382118,7598.0,15.011656853834907,3.903127820947816e-18,0.0
2022-01,"Agriculture, forestry, fishing and hunting [11]",financement,8.242904432937037,3.056097666532762,0.6157048196182817,3.1935419245038275,11.436446357440865,12.141140284052124,0.6789234157655211,40812.0,27.24468951521382,0.0,0.0
2022-01,"Alcohol beverage, tobacco and cannabis product manufacturing",financement,8.876311854954654,-0.646917139577474,-0.37627008506616255,-3.5833061838771494,5.293005671077505,10.862371200804208,0.8171615286262253,6393.0,48.15093771183249,-1.734723475976807e-18,0.0
2022-01,"Arts, entertainment and recreation, and accommodation and food services",financement,11.755197799599229,7.797735391043552,0.6434973842924261,2.546616708341182,14.301422811635733,5.445672557687128,2.158631036859819,36478.0,34.75717239473659,-9.792407616934784e-07,-1.0
2022-01,"Basic chemical manufacturing and resin, synthetic rubber, and artificial and synthetic fibres and filaments manufacturing",financement,16.05691590206434,-4.698894620486366,-0.23960829253047192,-4.973264319394376,11.084487967496614,10.243616293228339,1.5675046236043564,1649.0,8.944941687008408,2.0909620666309525e-06,1.0
2022-01,Building material and supplies merchant wholesalers [416],financement,17.41678509597224,8.077877445029058,0.09955427749820273,0.9297282038120861,18.346513299784327,5.5905242580394425,3.11541177393624,12842.0,30.317051866191363,6.938893903907228e-18,0.0
2022-01,"Clothing, sporting goods, and general merchandise stores",financement,22.30394511149228,12.615326753106482,0.13326748859069545,1.2911778365357818,23.595122948028063,5.091683408238924,4.380465815176559,11638.0,21.77076902931328,6.938893903907228e-18,0.0
2022-01,"Clothing, textile, leather and furniture manufacturing, and other manufacturing",financement,-15.501792386451863,-0.4883984697185356,-1.8018401605246415,27.051736104946457,11.54994371849459,3.888739687341183,-3.986328125,10412.0,10.043697608689362,-3.469446951953614e-18,0.0
2022-01,Computer and electronic equipment manufacturing [334],financement,0.0,-2.0100502512562812,-0.4475835207636184,-0.8996653683690823,-0.8996653683690823,0.0,1.5086395233366434,6488.0,37.919345412039746,0.0,0.0
2022-01,Construction [23],financement,15.191508641482454,-1.375446153522806,0.2934008779947732,4.860759082554261,20.052267724036714,7.102418398256513,2.1389205464453678,122069.0,34.3126589928462,0.0,0.0
2022-01,"Educational, health care and social assistance services",financement,54.22383834427868,0.029055709554536003,-0.5929984065985565,-32.13741974834654,22.086418595932138,23.343000083511257,2.3229164267784355,21243.0,31.780440734257887,-1.3877787807814457e-17,0.0
2022-01,Food and beverage stores [445],financement,12.695231361646375,6.01927530655853,0.582074448861583,3.8859034413894054,16.58113480303578,3.3812755420262333,3.7545687134502925,4578.0,8.817920912225283,0.0,0.0
2022-01,Food and soft drink and ice manufacturing,financement,12.663284162026226,-6.037372736576438,-0.05465741654202336,-1.0221295937163886,11.641154568309837,4.649574652366632,2.723536045513457,26082.0,31.894053340181223,-3.469446951953614e-18,0.0
2022-01,"Machinery, equipment and supplies merchant wholesalers [417]",financement,21.717818494481445,-3.569734891157102,-0.2546908169554201,-6.440507630592081,15.277682667944942,5.472570474242032,3.9684858507901506,24801.0,30.62456781586486,9.295101389417137e-07,1.0
2022-01,Mining and quarrying (except oil and gas) and support activities,financement,14.475105174844524,-2.5322704444982866,-0.32340377532454156,-5.5002494836580285,8.974855691186495,22.71263261363849,0.6373151638155987,36517.0,29.20892657174852,0.0,0.0
2022-01,Motor vehicle and motor vehicle parts and accessories merchant wholesalers [415],financement,38.96149107292876,-4.05191477865186,-0.07965295270081164,-3.426144781796766,35.53316540722082,7.995479988142463,4.872939602213977,6887.0,19.25087351502446,-5.452209777920269e-06,-1.0
2022-01,Motor vehicle and parts dealers [441],financement,19.15706354748265,6.801128522228531,0.45321318472848,5.599872663093591,24.75693621057624,3.3645427375184327,5.693808948794099,10651.0,25.386723870813967,-6.938893903907228e-18,0.0
2022-01,Motor vehicle and trailer manufacturing,financement,-10.925169150623752,1.970985013856704,-0.4189094477151668,5.402320818692155,-5.522848331931595,-1.0031071697433172,10.891327945965505,2435.0,8.371437411902225,3.469446951953614e-18,0.0
2022-01,Motor vehicle parts manufacturing [3363],financement,18.292941276163038,-3.7575714889421046,-0.3756084656084656,-8.282359265581027,10.01058201058201,6.94042566872428,2.635708838234048,3228.0,21.32382084819659,-3.469446951953614e-18,0.0
2022-01,Non-metallic mineral product manufacturing [327],financement,-0.4121317660716877,-4.64688675302967,-0.14794435857805255,-0.626508110280708,-1.0386398763523959,-0.3303093742730867,1.2477144101001305,4946.0,27.95771861398451,0.0,0.0
2022-01,Oil and gas extraction and support services,financement,12.349335706292953,7.345480913426118,0.24783880402989925,1.2401493874033958,13.58953526161846,16.144865845376582,0.764907917140076,82926.0,26.037074714592517,1.2541980527747132e-07,1.0
2022-01,Other retailers,financement,17.20865034309042,20.878488079615195,0.11875800850526472,-0.43582262112715103,16.772827721963267,4.173918718371604,4.122900205829626,31141.0,32.06775821233653,6.938893903907228e-18,0.0
2022-01,Other wholesalers,financement,15.02649484913476,203.99560805315383,0.0056341671996608,-1.064683579363073,13.961811269771687,3.6405153754097572,4.1275735162754135,65210.0,29.60914655188071,0.0,0.0
2022-01,Petroleum and coal product manufacturing [324],financement,17.99550804047509,2.8732164459830694,0.17813568173186478,2.6938197225328846,20.689327763007974,9.415184398917187,1.9113282627310735,12087.0,12.461852523919498,0.0,0.0
2022-01,"Pharmaceutical and medecine manufacturing, and soap, agricultural chemicals, paint and other chemical product manufacturing",financement,16.416769826598795,1.314156290175884,-0.8110194511983327,-12.248513341970222,4.168113928447378,9.558586926542247,1.717489201360169,15740.0,25.202549076120025,-3.563904529910872e-07,-1.0
2022-01,Pipelines [486],financement,8.282557334002353,21.265761642733477,0.2650964127642453,-3.4418008884299134,4.84075644557244,18.54004646604667,0.4467387581347556,2164.0,2.279670480163496,0.0,0.0
2022-01,Plastics and rubber products manufacturing [326],financement,13.341796790176227,16.587465103472322,0.07190322031010393,-0.23337400378445264,13.108422786391777,6.130690758205005,2.1762305939702222,7654.0,34.20629245620307,6.938893903907228e-18,0.0
2022-01,Primary metal and fabricated metal product and machinery manufacturing,financement,19.231930916273534,11.299190486986218,0.10194120755346664,0.8086731385697541,20.040604054843286,10.096152190498277,1.9048772793236166,38823.0,35.83771808363334,0.0,0.0
2022-01,"Professional, scientific and technical services [54]",financement,28.73040485969387,5.332174804511121,-0.6400738823725842,-14.97659595206771,13.753808907626164,8.721991955354985,3.294018729523644,72476.0,35.29801389010647,6.938893903907228e-18,0.0
2022-01,"Publishing, motion picture and sound recording, broadcasting, and information services",financement,4.498718093007207,-9.086577498594666,-0.21705108618698066,-2.9487031643283865,1.5500987442709693,2.66234760123117,1.6897560975609756,30483.0,34.35672020287405,2.095389803717651e-07,1.0
2022-01,Real estate [531],financement,10.2624051444217,1.6953720269520967,0.7889075648302787,6.758597234523296,17.021002378944992,62.14170417958118,0.16514521575984992,220391.0,32.84373700689538,-6.938893903907228e-18,0.0
2022-01,"Rental and leasing of automotive, machinery and equipment, and other goods",financement,8.686595322019814,2.569554772768571,0.15099502988107935,0.9236427205179655,9.610238042537778,16.094906031836466,0.5397108442160102,15924.0,32.76745478115933,0.0,0.0
2022-01,"Repair, maintenance and personal services",financement,24.40902774657139,-84.63163421427194,-0.021825396825396824,-2.379855717399358,22.029172029172027,8.638155267833476,2.825722273998136,10389.0,35.52645077454434,0.0,0.0
2022-01,Telecommunications [517],financement,8.05740692466669,3.177484094200025,1.338776969841459,6.533128300032319,14.59053522469901,14.983268346968739,0.5377603028979175,2163.0,1.451483022413099,6.938893903907228e-18,0.0
2022-01,"Total, non-financial industries",financement,13.982861706756136,13.947305354150155,0.07207581557688518,0.002562753113015387,13.985419540068117,9.028736095157077,1.5487064368019796,1081591.0,26.151936374053175,-1.2299502583079658e-08,-1.0
2022-01,"Transportation, postal and couriers services, and support activities for transportation",financement,11.272582625992266,11.77179987733644,0.20123572894861916,-0.1004603474779711,11.172122278514292,6.561183497113967,1.7180715386104775,32889.0,16.0751729025636,-3.469446951953614e-18,0.0
2022-01,Utilities [22],financement,9.554349097801984,5.608708053903983,0.4008944793850454,1.5817857121337566,11.136268343815514,18.81937159680439,0.5076869357011025,6454.0,5.081369623581838,3.338346994327668e-07,1.0
2022-01,Warehousing [493],financement,8.705334634899861,1.1968735917352729,0.7945474985947162,5.965828940142297,14.67116357504216,7.330989401719284,1.1874706342991386,2880.0,20.577307802229207,6.938893903907228e-18,0.0
2022-01,Wood product and paper manufacturing,financement,37.97726656577407,-1.054434732415546,-0.2942825218264114,-11.486347489206459,26.49091907656762,14.227539121194807,2.6692786603692573,7419.0,17.327634529147982,0.0,0.0
2022-04,"Administrative and support, waste management and remediation services [56]",financement,21.41914755227966,-0.8686161100813543,-0.4091155101438342,-9.118269800692037,12.300526462532597,6.3030322219261885,3.3982291059483165,26960.0,33.197064473230554,-8.782226375673996e-07,-1.0
2022-04,"Aerospace, rail and ship products and other transportation equipment manufacturing",financement,7.719418306244654,-10.397375136711629,-0.31939916162086635,-5.786488636938645,1.9329296693060085,2.514489522960321,3.0699743370402053,7985.0,15.439498820526703,0.0,0.0
2022-04,"Agriculture, forestry, fishing and hunting [11]",financement,6.592041955929985,3.239189842318419,0.6215706238965746,2.0840343800904897,8.676076336020476,9.716231925839814,0.6784566286853232,41570.0,27.379846799317644,3.469446951953614e-18,0.0
2022-04,"Alcohol beverage, tobacco and cannabis product manufacturing",financement,4.015441326599252,-0.19247768817681066,-0.3611027779444411,-1.519491245600872,2.49595008099838,4.482015405271713,0.8959008311029723,6799.0,47.765912603625125,8.673617379884035e-19,0.0
2022-04,"Arts, entertainment and recreation, and accommodation and food services",financement,13.083483374847212,6.946486489584432,0.6489679223349776,3.982714118005216,17.06619749285243,5.9250243746881335,2.2081737639325523,37293.0,35.13136698915716,6.938893903907228e-18,0.0
2022-04,"Basic chemical manufacturing and resin, synthetic rubber, and artificial and synthetic fibres and filaments manufacturing",financement,15.42381518600306,-3.443534660553677,-0.21251789732051543,-4.009649517400787,11.413376968705256,9.471659357523572,1.6284174297032274,1875.0,9.775298472446693,-1.971749742538803e-06,-1.0
2022-04,Building material and supplies merchant wholesalers [416],financement,25.89248874110441,9.921046695240245,0.08015021158534877,1.2801144592991485,27.172603200403557,7.4785992142650635,3.462211037023584,12523.0,29.21634043347409,0.0,0.0
2022-04,"Clothing, sporting goods, and general merchandise stores",financement,20.075963117323308,13.393130597060635,0.1409697538729797,0.9420772555557738,21.01804037287908,4.6476032183293166,4.319637923940516,12058.0,21.917260433328487,0.0,0.0
2022-04,"Clothing, textile, leather and furniture manufacturing, and other manufacturing",financement,-14.302745979897063,-0.47670818246317154,-1.7848365632133663,24.67721778523001,10.374471805332945,3.382281687776688,-4.228727025187202,11125.0,10.647665170410498,-3.469446951953614e-18,0.0
2022-04,Computer and electronic equipment manufacturing [334],financement,8.79832513810624,-1.8056707540871801,-0.4546327683615819,-4.820924008162737,3.977401129943503,5.304161413823354,1.6587589350460996,5837.0,35.790054571095716,0.0,0.0
2022-04,Construction [23],financement,16.75471470874823,-1.4718533351647154,0.3322633118710531,6.056019862313619,22.810630941557037,7.889341731086104,2.1237151691287757,123684.0,33.903954693851816,-2.5907376203365695e-07,-1.0
2022-04,"Educational, health care and social assistance services",financement,50.4601588720358,0.06275337999486283,-0.5887069829602406,-29.66930453624328,20.790854335792524,22.222200419096293,2.270709377126924,21449.0,31.816361343914558,1.3877787807814457e-17,0.0
2022-04,Food and beverage stores [445],financement,12.618097586319168,5.361029711291669,0.594172468412716,4.311949932743713,16.930047519062878,3.2125744748978393,3.9277214224645887,4771.0,8.995098039215685,0.0,0.0
2022-04,Food and soft drink and ice manufacturing,financement,11.330762699566984,-62.223326474333184,-0.03998481798079145,-2.941046867361301,8.389715832205685,3.6701955459204303,3.087236785560808,26405.0,31.3911740929193,3.469446951953614e-18,0.0
2022-04,"Machinery, equipment and supplies merchant wholesalers [417]",financement,20.26751235527023,-3.686477276142465,-0.25772396615146065,-6.173517212958646,14.093660821800308,4.917170898908999,4.121783190364016,25351.0,29.91515523406063,-8.358012781942148e-07,-1.0
2022-04,Mining and quarrying (except oil and gas) and support activities,financement,12.618782515561103,-2.116937905126239,-0.3073999138613167,-4.529759188003735,8.089023327557367,18.193700641728043,0.6935797595030984,36372.0,29.65705060256682,-3.469446951953614e-18,0.0
2022-04,Motor vehicle and motor vehicle parts and accessories merchant wholesalers [415],financement,22.422559996127863,-1.242484790246629,-0.1710216320411223,-4.0472345816920186,18.376526022702937,3.856570722284467,5.814118710844151,6381.0,17.973129031349462,3.001520667726687e-06,1.0
2022-04,Motor vehicle and parts dealers [441],financement,22.713224380516703,5.183511975780025,0.511856698686714,8.972700720416055,31.68592510093276,3.6607736231688253,6.204487553331901,11157.0,25.5507717675079,1.3877787807814457e-17,0.0
2022-04,Motor vehicle and trailer manufacturing,financement,-2.795760527069607,1.9303841353487723,-0.5080673571478898,2.4011998281335116,-0.39456069893609524,-0.19460839049290157,14.36608421655686,1568.0,5.510842441921766,6.505213034913027e-19,0.0
2022-04,Motor vehicle parts manufacturing [3363],financement,12.856786846482407,-1.4205850497936408,-0.40836047194490416,-5.8303143256961985,7.025786129945011,4.369052227854255,2.942694702644166,3121.0,20.34550195567145,-1.715977102995092e-06,-1.0
2022-04,Non-metallic mineral product manufacturing [327],financement,15.721136149850723,-0.7676005033445907,-0.13373426746853495,-2.2051091177966575,13.516027032054065,9.358201869704939,1.679931291153736,5610.0,30.378513023230628,0.0,0.0
2022-04,Oil and gas extraction and support services,financement,21.407960494908057,9.378501504202905,0.2226787472917077,2.6787048586471935,24.08666535355525,23.53815448948619,0.909500381793754,83572.0,26.457887471981966,0.0,0.0
2022-04,Other retailers,financement,17.451622990579516,23.63704271760715,0.11403330812784715,-0.7053438736322066,16.746279116947306,4.062038884995549,4.296271770081452,30323.0,31.099236954381357,-6.938893903907228e-18,0.0
2022-04,Other wholesalers,financement,14.27286714797242,59.04169249123452,0.015135468757671185,-0.6775971573005815,13.595269990671838,3.226923634596651,4.423056993028735,67814.0,29.637820190639353,-6.938893903907228e-18,0.0
2022-04,Petroleum and coal product manufacturing [324],financement,28.738257373854875,-0.7549492431064582,0.18580229294515008,5.4799054157364875,34.21816278959136,11.985934427496185,2.397665158915623,11874.0,11.812809646033546,0.0,0.0
2022-04,"Pharmaceutical and medecine manufacturing, and soap, agricultural chemicals, paint and other chemical product manufacturing",financement,21.03741368998493,-0.1891362689415094,-0.7874195504936483,-16.714200427188825,4.323213262796105,11.22840808939868,1.87358827025956,11847.0,20.486969754612897,0.0,0.0
2022-04,Pipelines [486],financement,7.800986780531829,17.444441963413475,0.2848441651007581,-2.7468819402545015,5.054104840277328,15.6232468307409,0.4993191789802814,2467.0,2.461240696769559,1.734723475976807e-18,0.0
2022-04,Plastics and rubber products manufacturing [326],financement,13.945401603671876,20.598243481687618,0.06157207686705138,-0.4096292914975237,13.535772312174352,6.2255553102057934,2.240025332488917,7917.0,34.48020556595967,0.0,0.0
2022-04,Primary metal and fabricated metal product and machinery manufacturing,financement,22.657810740792765,21.94595798681179,0.059376782563708,0.04226752619050517,22.700078266983272,11.118260015416663,2.0378917842697755,38201.0,34.592641558982535,0.0,0.0
2022-04,"Professional, scientific and technical services [54]",financement,26.37735582483623,5.102933936734471,-0.6515595327905102,-13.861552385799783,12.515803439036446,7.403789917438944,3.562682912261841,74338.0,35.65542711880666,0.0,0.0
2022-04,"Publishing, motion picture and sound recording, broadcasting, and information services",financement,3.213759680714592,-6.509186351706036,-0.24576240817057876,-2.389534631440268,0.8242250492743238,1.8418472933231678,1.7448567491804057,31826.0,34.11146838156485,0.0,0.0
2022-04,Real estate [531],financement,10.228147533605446,2.80495129863478,0.7666315010470957,5.690856072182711,15.919003605788157,59.87933360844245,0.17081264799118218,221414.0,32.67196704088017,0.0,0.0
2022-04,"Rental and leasing of automotive, machinery and equipment, and other goods",financement,9.688615236570174,3.4364771748492675,0.16232157602925562,1.0148569037310329,10.703472140301207,17.843350640359986,0.5429818329442809,16865.0,33.615036574913795,0.0,0.0
2022-04,"Repair, maintenance and personal services",financement,24.012828168724603,-54.61145874938978,-0.029121628712351768,-2.2896672914027434,21.72316087732186,8.293067037589804,2.8955304545208884,10427.0,35.120751793593584,0.0,0.0
2022-04,Telecommunications [517],financement,7.670453145361552,3.7474064877973152,1.3390312425955386,5.253082040638516,12.923535186000068,14.049079019581583,0.5459755144568899,2168.0,1.4476495726495726,0.0,0.0
2022-04,"Total, non-financial industries",financement,15.204461430422814,15.079484586711228,0.07162592949422023,0.008951582596096208,15.213418272831525,9.175155672835995,1.6571338920643284,1089140.0,25.947547426210278,1.3149531540024295e-08,1.0
2022-04,"Transportation, postal and couriers services, and support activities for transportation",financement,15.547177024537099,2.3221363410897395,0.2143667557888298,2.835009066485899,18.382186091022998,8.471250015135892,1.8352872358575643,31603.0,15.218846463157996,0.0,0.0
2022-04,Utilities [22],financement,6.764704523393046,6.247639574293064,0.36827392496489,0.1904215382668213,6.955126061659868,15.646705888545384,0.43234049208692166,6184.0,4.869099641746388,0.0,0.0
2022-04,Warehousing [493],financement,8.989959613687827,1.4654767334190197,0.8565784274990123,6.445309713323893,15.435269327011722,8.0741246606879,1.1134283890189403,2945.0,20.592965526886232,6.938893903907228e-18,0.0
2022-04,Wood product and paper manufacturing,financement,35.076257210699794,0.2086951730522384,-0.31196408844622914,-10.877427207417064,24.198214943274472,13.111492113560589,2.6752300124882127,7462.0,16.933306102071846,-1.5376500206373822e-06,-1.0
2022-07,"Administrative and support, waste management and remediation services [56]",financement,27.55061627145674,-0.7893695232194348,-0.40750967203377586,-11.548818316630355,16.001797954826387,8.378140410544175,3.288392760377154,27703.0,32.9096330438708,0.0,0.0
2022-07,"Aerospace, rail and ship products and other transportation equipment manufacturing",financement,-0.6580732700135684,-5.724399494310998,-0.25117490156230154,-1.2725339906704138,-1.930649053727931,-0.21119094273895056,3.116010854816825,5702.0,11.228388011500138,-1.0448260987210717e-07,1.0
2022-07,"Agriculture, forestry, fishing and hunting [11]",financement,11.614662710690943,3.701317212388698,0.618388024698144,4.893518091449075,16.508180802140018,17.50781864970359,0.6633986188158044,41911.0,26.830423732611216,0.0,0.0
2022-07,"Alcohol beverage, tobacco and cannabis product manufacturing",financement,3.4325051050210234,-0.43082490449218996,-0.36018223234624147,-1.3915028271166954,2.041002277904328,3.9565086748945553,0.867559099971518,7366.0,48.565965583174,0.0,0.0
2022-07,"Arts, entertainment and recreation, and accommodation and food services",financement,18.786421936017824,8.77988658760242,0.608076153519675,6.084735524723101,24.87115746074092,8.312259894348948,2.260085966367544,38050.0,35.17318518381571,-1.3877787807814457e-17,0.0
2022-07,"Basic chemical manufacturing and resin, synthetic rubber, and artificial and synthetic fibres and filaments manufacturing",financement,15.685706603163455,-0.048148700014315995,-0.2088190069937007,-3.285528040592154,12.400178562571302,10.38875211871202,1.509873989091593,1454.0,7.630543164523747,0.0,0.0
2022-07,Building material and supplies merchant wholesalers [416],financement,27.377714777502156,15.443123938879458,0.0634185733512786,0.756874724516691,28.13458950201884,8.053012478780118,3.399686123626791,12382.0,29.34818677411709,-1.3877787807814457e-17,0.0
2022-07,"Clothing, sporting goods, and general merchandise stores",financement,19.458583781089388,11.367389462399059,0.20938410529488596,1.694167483186039,21.152751264275427,4.516331492434434,4.308493256902329,12722.0,21.981857451403886,0.0,0.0
2022-07,"Clothing, textile, leather and furniture manufacturing, and other manufacturing",financement,-7.357614275238328,-0.35335689045936397,-1.8239677744209466,12.775539753586768,5.417925478348439,1.727898966704937,-4.258127597164507,11681.0,11.064591601860359,-1.734723475976807e-18,0.0
2022-07,Computer and electronic equipment manufacturing [334],financement,9.87848257616251,-1.476969345085195,-0.43536184210526313,-4.94373046637215,4.934210526315789,5.751278469545541,1.717615070887551,5724.0,34.634234888364496,-1.353958686426196e-06,-1.0
2022-07,Construction [23],financement,16.681068981868926,-1.7571703361625046,0.3338399938491019,6.155421700519882,22.836392025124052,7.672883465643425,2.1740287150927164,128096.0,33.89760539414805,-2.466431618802778e-07,-1.0
2022-07,"Educational, health care and social assistance services",financement,48.30863885877609,-0.03037440170253321,-0.5963275961240653,-28.82588757663053,19.4823237909827,21.144995683790686,2.2846369694843913,22024.0,31.522750368557404,-1.0687279071511235e-06,-1.0
2022-07,Food and beverage stores [445],financement,14.3142295705448,6.733232655043296,0.668910328322489,5.071007135759888,19.38523670630469,3.320188271695188,4.3112704458884155,4644.0,8.663532572196106,6.938893903907228e-18,0.0
2022-07,Food and soft drink and ice manufacturing,financement,12.729368096850479,-26.149717217448813,-0.03550635506355063,-1.3804546077155877,11.348913489134892,3.995421511548272,3.1859887774188063,26230.0,30.640375674602247,0.0,0.0
2022-07,"Machinery, equipment and supplies merchant wholesalers [417]",financement,22.496300383124026,-3.2751349694098457,-0.25178080037738815,-6.488752619935095,16.00754776318893,5.519788071501745,4.075573208919152,25702.0,29.26868153141868,0.0,0.0
2022-07,Mining and quarrying (except oil and gas) and support activities,financement,2.00292457414436,-1.135022069783511,-0.31492321708099075,-0.9882122521342634,1.0147123220100969,3.2783690997909316,0.610951516799036,37253.0,28.53586420320495,0.0,0.0
2022-07,Motor vehicle and motor vehicle parts and accessories merchant wholesalers [415],financement,25.13391196882921,-1.1073258402854156,-0.1757962444236954,-4.613111055871432,20.520800912957775,4.497417983611055,5.588520359997482,6094.0,17.272753039879824,0.0,0.0
2022-07,Motor vehicle and parts dealers [441],financement,19.96891267336849,5.436448426377282,0.5566370496048578,8.089308021933267,28.057329106576773,3.494860454476133,5.713793993632217,11616.0,24.659802568729436,-2.228971812456848e-06,-1.0
2022-07,Motor vehicle and trailer manufacturing,financement,-6.818245614035087,2.5780101290638786,-0.46213665534163834,4.342354201850417,-2.4764061910154775,-0.5170505342926476,13.18680701754386,1428.0,4.770813844714687,-1.2869470770171532e-06,1.0
2022-07,Motor vehicle parts manufacturing [3363],financement,17.28239043294966,-1.2076951467884907,-0.4001908700493081,-7.399563435441577,9.882826997508086,5.857972284514608,2.9502342437903297,2979.0,18.953998854743272,0.0,0.0
2022-07,Non-metallic mineral product manufacturing [327],financement,28.085105107071012,12.021536011152701,-0.17870398539701857,-2.870623817140985,25.21448128993003,13.10832464506378,2.1425396355015556,5646.0,31.288445552784705,0.0,0.0
2022-07,Oil and gas extraction and support services,financement,18.769070373009917,11.727800934101564,0.1874517314880603,1.3198981481973338,20.088968521207253,22.262950212708198,0.8430630349384739,82939.0,26.30695839174813,0.0,0.0
2022-07,Other retailers,financement,18.127631492697173,17.2758084975488,0.14865712388401092,0.1266295565170211,18.254261049214197,4.2488811209207675,4.266448266448267,31430.0,30.842753964515623,0.0,0.0
2022-07,Other wholesalers,financement,15.36214309077661,-311.93131132917046,-0.0010555555555555555,-0.34547642410994406,15.016666666666667,3.48491670081758,4.408180857571882,64567.0,27.965125344328754,0.0,0.0
2022-07,Petroleum and coal product manufacturing [324],financement,13.599368823187444,1.4291514413317092,0.14658271240507534,1.7839434743918081,15.383150427309733,5.989721455090806,2.270450959222656,11374.0,11.699479520253451,-4.046756737971502e-07,-1.0
2022-07,"Pharmaceutical and medecine manufacturing, and soap, agricultural chemicals, paint and other chemical product manufacturing",financement,22.932241416449376,-1.2490398209573743,-0.7746125263615974,-18.731123349967934,4.201118066481438,15.159821448890884,1.512698648447943,13119.0,22.386607965598444,-6.938893903907228e-18,0.0
2022-07,Pipelines [486],financement,15.585388030165268,25.219941348973606,0.23686038434822876,-2.2820440021164465,13.303344028048821,30.010298661174044,0.5193346526180671,2981.0,2.8056206529820895,0.0,0.0
2022-07,Plastics and rubber products manufacturing [326],financement,13.118904162543355,17.17418015827036,0.06576456175520659,-0.2666934486553956,12.85221071388796,5.945882039568941,2.2063848685929255,8140.0,35.15591258529844,0.0,0.0
2022-07,Primary metal and fabricated metal product and machinery manufacturing,financement,15.304130737145746,28.545055769250894,0.06303954773485447,-0.8347019256150218,14.469428811530724,8.006006235203646,1.9115811663812,38160.0,34.238647681085304,0.0,0.0
2022-07,"Professional, scientific and technical services [54]",financement,26.990106059873504,5.5586826114589645,-0.6494069942117593,-13.917716283314302,13.072389776559202,7.373551510635208,3.6603943189309045,78661.0,35.84461152882206,0.0,0.0
2022-07,"Publishing, motion picture and sound recording, broadcasting, and information services",financement,-0.052376587665313605,-15.660422863574242,-0.2135010813223027,-3.3323347572350954,-3.3847104459167205,-0.03410835086123586,1.5355942560342193,32283.0,32.967739958947334,2.2474592204640986e-09,-1.0
2022-07,Real estate [531],financement,8.854939187365417,3.2790597707245275,0.7609646962446013,4.243047386580661,13.098009529784466,50.22471820040148,0.1763063986149878,223033.0,32.474181021868056,5.7389595964352225e-08,1.0
2022-07,"Rental and leasing of automotive, machinery and equipment, and other goods",financement,10.194248227797472,6.050672575372559,0.19697208022021234,0.8161687158079585,11.010617381046009,18.41589429851876,0.5535570557992082,17175.0,33.99441838370643,5.010936014460121e-07,1.0
2022-07,"Repair, maintenance and personal services",financement,25.096364353706857,-39.67716847705722,-0.04687739365776439,-3.036414397111854,22.059949956595005,8.562877315405428,2.930833110099116,10686.0,35.24406332453826,6.938893903907228e-18,0.0
2022-07,Telecommunications [517],financement,7.417113027471549,4.3929970392235225,1.4206903584357313,4.296332427295315,11.713319396998589,13.722584023989045,0.5405041072807695,2193.0,1.3945679891639586,-3.151444206844767e-07,-1.0
2022-07,"Total, non-financial industries",financement,14.000582548592785,16.56667442255077,0.07168668628492474,-0.18395462314672048,13.816627925446065,8.507835761986552,1.6456103456002418,1102976.0,25.672689134211033,0.0,0.0
2022-07,"Transportation, postal and couriers services, and support activities for transportation",financement,12.653662363894364,10.143401324432357,0.21107462017483164,0.5298523954441209,13.183514759338486,6.7301921235614275,1.8801338998326251,32680.0,15.338330337321237,0.0,0.0
2022-07,Utilities [22],financement,6.632809919199135,4.787041496233388,0.3646388483149764,0.6730388720063805,7.30593607305936,15.023783851577566,0.441487310036257,6591.0,5.044081182845073,2.1820463461108552e-07,1.0
2022-07,Warehousing [493],financement,7.9389130055603285,1.688893813506649,0.8895564361498146,5.559744798351215,13.498657803911543,6.885297585554611,1.1530239480449196,2860.0,19.340005409791722,0.0,0.0
2022-07,Wood product and paper manufacturing,financement,31.234352914851364,-2.394658840767438,-0.31347448168566305,-10.541837029693674,20.691987688977576,13.063978888639049,2.3908759483692976,7695.0,17.636138613861387,-1.32049045029059e-06,-1.0
2022-10,"Administrative and support, waste management and remediation services [56]",financement,31.93676426891224,-0.7357988435543268,-0.45769679121418494,-14.95412729731889,16.982636971593347,9.318008231487548,3.427423916732662,27101.0,33.3329233494047,0.0,0.0
2022-10,"Aerospace, rail and ship products and other transportation equipment manufacturing",financement,7.644556119345329,-7.731046530816635,-0.24082184722401134,-3.702781032394408,3.941775086950921,2.0825178649053204,3.6708237889199964,6027.0,11.917190651322814,0.0,0.0
2022-10,"Agriculture, forestry, fishing and hunting [11]",financement,11.18207197468515,3.0117287969252726,0.6096391826750126,4.9809613370638965,16.163033311749047,16.811901985460615,0.665128311142648,42170.0,26.22137380847267,0.0,0.0
2022-10,"Alcohol beverage, tobacco and cannabis product manufacturing",financement,1.361220843341682,2.8020338103271323,-0.35201745490304537,0.5071913136295237,1.8684121569712058,1.6507190420233897,0.8246229725884473,7709.0,48.92428761820143,0.0,0.0
2022-10,"Arts, entertainment and recreation, and accommodation and food services",financement,17.674279966369394,5.922805213938509,0.5381095296110302,6.32358055126648,23.99786051763587,7.57732639493782,2.3325219272825626,37904.0,34.826071776401626,-6.938893903907228e-18,0.0
2022-10,"Basic chemical manufacturing and resin, synthetic rubber, and artificial and synthetic fibres and filaments manufacturing",financement,14.561761811988191,6.767159066300045,-0.19286619237891045,-1.5033153526670737,13.059156027677615,9.670284814608099,1.505825535768186,1609.0,8.289114419658956,1.773920891241787e-06,1.0
2022-10,Building material and supplies merchant wholesalers [416],financement,22.144407405440187,14.703161396852854,0.05610846319116884,0.41751687776925456,22.561924283209443,6.893329325183068,3.2124400795042676,13430.0,29.6874309209072,0.0,0.0
2022-10,"Clothing, sporting goods, and general merchandise stores",financement,23.200453504458935,10.26277368613157,0.2185792349726776,2.8279081570114455,26.028361661470385,5.0178103843391675,4.623621007455501,12934.0,22.129829244088562,1.3877787807814457e-17,0.0
2022-10,"Clothing, textile, leather and furniture manufacturing, and other manufacturing",financement,-14.414969744942299,-0.4630890729067378,-1.9336349149231482,26.977843596289397,12.563614866601553,3.7773992306871387,-3.816109673512085,11835.0,11.238889310947352,1.8525381361364501e-06,-1.0
2022-10,Computer and electronic equipment manufacturing [334],financement,13.30673424804632,-2.300479067994991,-0.41990304786315263,-6.5535164400561285,6.753217807990193,7.5209777555054425,1.7692824896743828,5297.0,33.54229989868288,3.469446951953614e-18,0.0
2022-10,Construction [23],financement,15.867309961698501,-0.3702482819256735,0.31498734264409584,5.11462532218791,20.98193528388641,7.457027609378499,2.127833071416099,130084.0,33.01775208004427,0.0,0.0
2022-10,"Educational, health care and social assistance services",financement,47.11720901899155,-0.173848022550021,-0.5937782134289473,-28.080399361292997,19.03680965769856,21.192785548699845,2.223266446532893,22604.0,31.74094981323897,6.938893903907228e-18,0.0
2022-10,Food and beverage stores [445],financement,12.827278457451346,5.9869708872012035,0.6517834137004453,4.458399018898636,17.285677476349985,3.248224084125275,3.9490127913713953,4742.0,8.756347521004525,0.0,0.0
2022-10,Food and soft drink and ice manufacturing,financement,11.479076495047046,-97.75300686840224,-0.01905432859296153,-2.0813440093009294,9.397732485746117,3.6471670469102326,3.1473953200941995,25754.0,30.401114337653752,0.0,0.0
2022-10,"Machinery, equipment and supplies merchant wholesalers [417]",financement,24.454305359615436,-3.192153228216188,-0.2520046510925537,-6.967036150371244,17.486899926005346,6.12656368519469,3.99152063312606,26639.0,30.228652482269503,-9.23208097122763e-07,-1.0
2022-10,Mining and quarrying (except oil and gas) and support activities,financement,2.9296156452138464,-1.139507199407358,-0.330168610920498,-1.3434966372734483,1.5861190079403982,4.825454927915329,0.6071169846113319,37699.0,28.111764004056553,0.0,0.0
2022-10,Motor vehicle and motor vehicle parts and accessories merchant wholesalers [415],financement,19.126315583867438,-0.8067855010956116,-0.12082565048145871,-2.408429904703331,16.717885679164105,3.717032822302936,5.1455869501893385,6585.0,18.299799911071588,-6.938893903907228e-18,0.0
2022-10,Motor vehicle and parts dealers [441],financement,20.383299748316983,4.572761098838384,0.6041085045210217,9.55128085920833,29.934580607525312,3.86161635799964,5.278437280827077,12022.0,23.874016998967353,0.0,0.0
2022-10,Motor vehicle and trailer manufacturing,financement,33.02948648636174,4.385074846265036,-0.44812701199882937,-12.836334598741026,20.19315188762072,2.4313121298171856,13.585045737770118,1461.0,5.072212192751007,6.938893903907228e-18,0.0
2022-10,Motor vehicle parts manufacturing [3363],financement,12.236964642961286,-3.053672976552154,-0.38838134135855545,-5.938598348894219,6.298366294067067,4.154304217919772,2.945611106229681,3185.0,19.367588932806324,0.0,0.0
2022-10,Non-metallic mineral product manufacturing [327],financement,18.38070353703973,2.496812303208514,-0.2710614132662022,-4.305510006008928,14.07411744043089,9.492274723583234,1.9363855421686746,5910.0,33.181741620346976,-2.6902264997769043e-06,-1.0
2022-10,Oil and gas extraction and support services,financement,16.578117808241192,11.596451046440082,0.1713731447763306,0.8537238991975756,17.431841707438767,21.03361400356684,0.7881725796351453,86886.0,27.114169358236204,0.0,0.0
2022-10,Other retailers,financement,19.264470057584695,23.915064559079976,0.1244635944861892,-0.5788297081538099,18.685302926803637,4.620772240991236,4.169101841178853,31657.0,31.114365466268282,-8.435565681183532e-07,-1.0
2022-10,Other wholesalers,financement,14.577925440989196,55.983343695069756,0.021327573505746714,-0.88307710135009,13.694848339639105,3.174355490848884,4.592404815092332,66019.0,28.087573974566787,0.0,0.0
2022-10,Petroleum and coal product manufacturing [324],financement,19.29613088931144,4.250973596790054,0.148117027856551,2.228443981802582,21.524349683156533,9.200657966395543,2.0972555397438506,11417.0,11.767191622691293,-5.629698937234529e-07,-1.0
2022-10,"Pharmaceutical and medecine manufacturing, and soap, agricultural chemicals, paint and other chemical product manufacturing",financement,22.116670562309196,-0.3278109399550247,-0.7729000954502068,-17.347341895430418,4.769328666878779,14.469593520267871,1.5284928724037687,12316.0,21.63928665553896,1.734723475976807e-18,0.0
2022-10,Pipelines [486],financement,13.35811076597534,92.22890224894232,0.3221664275466284,-25.409521129842517,-12.051649928263988,25.63515201999167,0.521085685606934,3007.0,2.816809052757794,-5.989109920293001e-07,-1.0
2022-10,Plastics and rubber products manufacturing [326],financement,14.69921582703962,-11.290715620177076,0.03284090285023889,0.8535328137424123,15.55274864078203,6.334742256167143,2.3204126123251982,8706.0,35.90251144377088,-6.938893903907228e-18,0.0
2022-10,Primary metal and fabricated metal product and machinery manufacturing,financement,9.788525701774411,24.977603306637498,0.07533898199952858,-1.1443296442622228,8.64419605751219,5.389284710881666,1.8162940402851804,40526.0,34.79791518190639,0.0,0.0
2022-10,"Professional, scientific and technical services [54]",financement,23.361681348497058,5.449076059977402,-0.6279024085583906,-11.247368004217257,12.114313344279799,6.789179633467016,3.4410168252636137,82039.0,35.848528942665254,0.0,0.0
2022-10,"Publishing, motion picture and sound recording, broadcasting, and information services",financement,6.842264784839338,-7.093968397042551,-0.21813522896346504,-3.039983416018045,3.802281368821293,4.386316864549128,1.5599111956866476,32978.0,35.34581622919369,0.0,0.0
2022-10,Real estate [531],financement,8.733117598125634,3.1954204186495616,0.7499887966619032,4.153210843913275,12.886328442038907,48.787229972152275,0.17900416980243586,231688.0,32.15874500833506,0.0,0.0
2022-10,"Rental and leasing of automotive, machinery and equipment, and other goods",financement,9.47013155334736,8.723247549754438,0.18396281457855226,0.13739888346465126,9.607530436812011,16.870923521395508,0.5613285805805148,17666.0,33.92805700128675,3.469446951953614e-18,0.0
2022-10,"Repair, maintenance and personal services",financement,25.363361402596368,-55.94903477107025,-0.03218701506732743,-2.6172033208023042,22.746158081794064,8.945188423163046,2.8354194682941967,10877.0,35.065604951803735,0.0,0.0
2022-10,Telecommunications [517],financement,6.593525747263909,2.7516939603562407,1.4278159525734304,5.485428712450456,12.078954459714364,11.462099157916665,0.5752459175603868,2221.0,1.3965654926964843,-3.469446951953614e-18,0.0
2022-10,"Total, non-financial industries",financement,13.906169919739456,19.563484122174835,0.06757061921414663,-0.38226822374754466,13.52390169599191,8.564011205879764,1.6237916538679849,1131679.0,25.801310038690144,0.0,0.0
2022-10,"Transportation, postal and couriers services, and support activities for transportation",financement,20.087687292869198,-21.178793036583787,0.19569761204520653,8.075751657984435,28.163438950853635,10.951760758998578,1.8341970514982286,33275.0,15.622285759893332,1.3877787807814457e-17,0.0
2022-10,Utilities [22],financement,6.91704664780951,6.406460581065655,0.34572443380733536,0.1765220788349337,7.093480668610202,14.182253277988982,0.4877255054064537,6713.0,5.013367985541665,-2.2014508560541657e-07,-1.0
2022-10,Warehousing [493],financement,9.208506186830487,1.6084134146463012,0.9237532973244568,7.020610758276913,16.2291169451074,8.5554642229622,1.076330395037545,3052.0,19.7963287280275,0.0,0.0
2022-10,Wood product and paper manufacturing,financement,18.623353263606603,1.1993646099568671,-0.30724115334207075,-5.3533663697664995,13.269986893840105,8.714446663695876,2.1370666414416117,7934.0,18.333487383307144,0.0,0.0
2023-01,"Administrative and support, waste management and remediation services [56]",financement,32.21763946807469,-1.8002464981598032,-0.43686408910785046,-14.861192766013758,17.356446702060925,10.019623806586988,3.2154540020648805,27592.0,34.218391517331185,-1.3877787807814457e-17,0.0
2023-01,"Aerospace, rail and ship products and other transportation equipment manufacturing",financement,22.3463687150838,-0.2058937073735684,-0.4323467230443975,-9.750396755586747,12.595971959497051,5.544207761890867,4.030579241399589,6248.0,12.45787889059478,6.938893903907228e-18,0.0
2023-01,"Agriculture, forestry, fishing and hunting [11]",financement,9.125633097795648,4.614767233782932,0.658788203955233,2.971705220835907,12.097252421427159,13.097232171916096,0.6967604283112122,43510.0,26.175837133472104,-2.1474301098792226e-07,-1.0
2023-01,"Alcohol beverage, tobacco and cannabis product manufacturing",financement,2.971987813925589,2.81015279077019,-0.33608954003835634,-0.05439105849439475,2.9175967554311946,3.912684954280964,0.7595775915139461,10006.0,49.278502831814826,8.673617379884035e-19,0.0
2023-01,"Arts, entertainment and recreation, and accommodation and food services",financement,17.725961499055497,11.26995057938133,0.44309506263817244,2.8606265628457512,20.58658806190125,6.812122402578341,2.6021202279551443,36679.0,33.82673011657075,6.938893903907228e-18,0.0
2023-01,"Basic chemical manufacturing and resin, synthetic rubber, and artificial and synthetic fibres and filaments manufacturing",financement,13.046257186807198,0.5591961555264311,-0.14480214926460544,-1.8081532753277556,11.238103911479442,9.764935287160288,1.3360310952558436,1940.0,9.594460929772502,0.0,0.0
2023-01,Building material and supplies merchant wholesalers [416],financement,15.578555112475872,23.997399608184207,0.06470559202408568,-0.5447463172535227,15.033808795222347,5.410383985676813,2.879380678657519,12385.0,26.913381720196444,-6.938893903907228e-18,0.0
2023-01,"Clothing, sporting goods, and general merchandise stores",financement,18.588017959566788,8.359166420929244,0.23066008835574472,2.359387799679931,20.947405759246717,4.490739373853609,4.139188764280473,14121.0,24.82769533722484,-6.938893903907228e-18,0.0
2023-01,"Clothing, textile, leather and furniture manufacturing, and other manufacturing",financement,-14.012382242170258,-1.2955706756698389,-2.3348646331005756,29.69203357242616,15.680509616562539,4.320682775691265,-3.243094429659539,11194.0,10.458749883210315,2.1457157665938364e-06,-1.0
2023-01,Computer and electronic equipment manufacturing [334],financement,12.797673150336303,-4.791136397664321,-0.3777287637145119,-6.643799285776278,6.15315009614297,8.531265147842946,1.5000908925649883,4648.0,32.030873130728416,-1.8094210426367052e-06,-1.0
2023-01,Construction [23],financement,14.48195952319676,0.004284627305474248,0.3519295326083838,5.095121359367153,19.57708088256391,7.049303247743838,2.0543816905354126,137913.0,34.079266981810456,-6.938893903907228e-18,0.0
2023-01,"Educational, health care and social assistance services",financement,47.327100271479885,-0.27372929781071165,-0.5752256264600595,-27.381217009013703,19.945883262466175,21.37848148076062,2.213772774931255,25577.0,33.83738159496216,-6.938893903907228e-18,0.0
2023-01,Food and beverage stores [445],financement,10.997267894472953,6.146408911864962,0.6171493308787085,2.993704375303494,13.99136160872336,2.898095030182017,3.794653998555135,4817.0,8.820728804248306,9.73347367282107e-07,1.0
2023-01,Food and soft drink and ice manufacturing,financement,11.825237857779495,-84.19284478189162,-0.020067429142940105,-1.9268360698125673,9.89821103063348,3.9400595609199036,3.001284035162809,27606.0,32.46160720585122,-4.768933336181391e-07,-1.0
2023-01,"Machinery, equipment and supplies merchant wholesalers [417]",financement,19.358646665138934,-2.772927732966096,-0.22282946217861135,-4.931566820295668,14.42677928207676,5.03030160525525,3.8484067525721706,28010.0,30.821201817801693,-7.514069162647963e-07,-1.0
2023-01,Mining and quarrying (except oil and gas) and support activities,financement,13.098213942340339,-2.127703594919534,-0.3208222899864155,-4.884813731448036,8.213400210892303,21.219450870289645,0.6172739352402266,38505.0,28.448887312705025,-3.469446951953614e-18,0.0
2023-01,Motor vehicle and motor vehicle parts and accessories merchant wholesalers [415],financement,20.538798011722196,-1.0399040487536062,-0.04336147352264006,-0.9356843180482601,19.60311369367394,4.209604483023631,4.879032720187955,7170.0,19.900635599100724,6.938893903907228e-18,0.0
2023-01,Motor vehicle and parts dealers [441],financement,15.25338954288062,5.579246096013551,0.66875,6.469583430092353,21.722972972972972,2.956816421602293,5.15872051827108,11891.0,22.234480179506356,-6.938893903907228e-18,0.0
2023-01,Motor vehicle and trailer manufacturing,financement,-10.964607911172797,4.345973583297827,-0.35187406296851576,5.3873965168699485,-5.577211394302848,-0.8941371764883422,12.262780476520934,1670.0,5.4955903646176125,0.0,0.0
2023-01,Motor vehicle parts manufacturing [3363],financement,23.655487443938604,-2.9875793950860974,-0.4133291119202153,-11.01235515540502,12.643132288533588,6.904381744243134,3.4261557834142833,3330.0,19.034009717062016,0.0,0.0
2023-01,Non-metallic mineral product manufacturing [327],financement,4.76432823035173,-4.512530921901927,-0.19906374176691524,-1.8466862946922662,2.9176419356594634,3.4336954144492235,1.3875220878075303,5478.0,36.91872219975738,0.0,0.0
2023-01,Oil and gas extraction and support services,financement,10.225753743258558,5.866978944166223,0.20642004536381114,0.8997384917592764,11.12552982652202,14.914829931972786,0.6856098118381961,90453.0,27.63366521145392,9.397876046812748e-08,1.0
2023-01,Other retailers,financement,15.899543933107354,19.5908787840213,0.16838418659234267,-0.6215624163111109,15.277981516796244,4.101233239983433,3.8767714496461023,31399.0,30.749870239249443,0.0,0.0
2023-01,Other wholesalers,financement,14.06092069031623,43.860201561064905,0.019876676017915023,-0.5923106514347241,13.468610038881506,3.2653965203986024,4.306037751458078,65232.0,28.024229926536925,0.0,0.0
2023-01,Petroleum and coal product manufacturing [324],financement,17.14418490272285,2.2997817312383537,0.17674990605677587,2.62374686602879,19.767931768751637,9.569293155772165,1.7915832051170397,11644.0,12.424772717572239,0.0,0.0
2023-01,"Pharmaceutical and medecine manufacturing, and soap, agricultural chemicals, paint and other chemical product manufacturing",financement,23.52609496506722,-0.9818947988966421,-0.7591021320744095,-18.604067282682774,4.922027682384449,17.402872727666168,1.3518512335993056,13965.0,22.45718420841039,5.204170427930421e-18,0.0
2023-01,Pipelines [486],financement,9.453261694205468,16.344713015719154,0.33294117647058824,-2.294447910574556,7.158645276292335,20.19214321605354,0.46816534495901146,2927.0,2.740765017088815,-4.212683464462075e-07,-1.0
2023-01,Plastics and rubber products manufacturing [326],financement,17.010665484958814,86.34880915143663,0.005957005957005957,-0.4130477348689432,16.596736596736598,8.155493606863896,2.085792265307173,8475.0,37.75896636221876,-2.2028833831858052e-06,-1.0
2023-01,Primary metal and fabricated metal product and machinery manufacturing,financement,16.12966493246462,36.46856741935307,0.05971128608923885,-1.2144620251357277,14.915202907328892,8.401575787260146,1.919838056680162,41393.0,35.10350500775969,-6.938893903907228e-18,0.0
2023-01,"Professional, scientific and technical services [54]",financement,27.040067748605644,5.909445653087474,-0.6203356418436957,-13.108078020179843,13.931989728425803,7.650912401991265,3.5342278577870085,84638.0,35.85960868717853,0.0,0.0
2023-01,"Publishing, motion picture and sound recording, broadcasting, and information services",financement,8.204150151999077,-15.73989742682819,-0.1787023576259402,-4.278857753444117,3.925162758359143,5.791938331975007,1.4164774695039828,34477.0,33.7539895439682,-3.2410048953976367e-07,-1.0
2023-01,Real estate [531],financement,7.839592771283218,3.4595042030431693,0.7704276333189756,3.3745412693566816,11.2141340406399,47.69015489041527,0.16438597839108327,240327.0,33.00691790125407,0.0,0.0
2023-01,"Rental and leasing of automotive, machinery and equipment, and other goods",financement,8.150186508395464,1.3409364229036365,0.20514249476334148,1.39686655000529,9.547053058400753,15.516529942759453,0.5252583237657864,17770.0,31.916804368129895,0.0,0.0
2023-01,"Repair, maintenance and personal services",financement,27.38293049088719,-25.470070409609185,-0.08340957609027143,-4.4084464002091375,22.97448409067805,8.333834900799445,3.285753895635779,11024.0,35.656758417699,-6.938893903907228e-18,0.0
2023-01,Telecommunications [517],financement,7.262973725342596,3.824259841777945,1.50396514015727,5.1717058078560605,12.434679533198658,13.914730970912098,0.5219629283904521,2320.0,1.4396435641106788,3.469446951953614e-18,0.0
2023-01,"Total, non-financial industries",financement,12.867567314001723,14.866169948722662,0.08178499968476974,-0.16345571585063196,12.70411159815109,8.283430714717321,1.5534103872130762,1166019.0,26.17920112079282,0.0,0.0
2023-01,"Transportation, postal and couriers services, and support activities for transportation",financement,14.518557255884362,11.197989109018334,0.1325415470286261,0.44011323919960166,14.958670495083965,8.208293379161859,1.7687668538678427,32682.0,15.061662396077203,0.0,0.0
2023-01,Utilities [22],financement,10.018275783318996,5.370743479855885,0.34984931749689774,1.6259360044113542,11.644338643097727,19.197373303223653,0.5218565907470639,6470.0,4.844736310063124,3.1713841844305257e-07,1.0
2023-01,Warehousing [493],financement,8.02967142893785,1.0202472601184702,0.9884630685585466,6.928556922739644,14.958228351677496,7.752055310128964,1.0358119373124375,2956.0,19.01331446581334,6.938893903907228e-18,0.0
2023-01,Wood product and paper manufacturing,financement,14.599174164623852,-1.748871817837335,-0.28531622490926917,-4.6643627643589705,9.934811400264882,7.630318059299192,1.9133113523140237,7578.0,19.022039258998944,3.469446951953614e-18,0.0
2023-04,"Administrative and support, waste management and remediation services [56]",financement,30.89757065147395,-2.634367368051669,-0.409984375,-13.74757065147395,17.150000000000002,9.331695023277248,3.3110351950425043,29160.0,35.104193000830655,6.938893903907228e-18,0.0
2023-04,"Aerospace, rail and ship products and other transportation equipment manufacturing",financement,6.102761272282418,-9.665040650406503,-0.3495311167945439,-5.5113374154326165,0.5910770105143507,1.6601692497860605,3.6759874169870677,6995.0,13.604185304757088,-8.671158386287185e-07,-1.0
2023-04,"Agriculture, forestry, fishing and hunting [11]",financement,9.145207692278895,4.499979194925309,0.6679398094887488,3.1027330375540605,12.247940729832955,12.842776478254534,0.7120896098879876,45687.0,27.405403459941933,0.0,0.0
2023-04,"Alcohol beverage, tobacco and cannabis product manufacturing",financement,6.290167555646109,2.2151735099683276,-0.34756927263730825,-1.4163427164575886,4.87382483918852,7.406991790660079,0.8492202682845902,9664.0,48.84014757163794,0.0,0.0
2023-04,"Arts, entertainment and recreation, and accommodation and food services",financement,17.736184023605382,10.096666026852375,0.4799522407952463,3.666603781137217,21.402787804742605,6.986024359825471,2.53880935852455,38984.0,35.58297887876741,6.938893903907228e-18,0.0
2023-04,"Basic chemical manufacturing and resin, synthetic rubber, and artificial and synthetic fibres and filaments manufacturing",financement,15.80093075424546,-13.724494676350046,-0.1431987621325081,-4.228004373096952,11.572185492568106,10.880110293245894,1.452276707530648,1929.0,9.533929718776257,-1.8522214510034718e-06,-1.0
2023-04,Building material and supplies merchant wholesalers [416],financement,19.135149597346814,88.14791557648701,0.019181001674531892,-1.3237339798099654,17.810930126351042,5.908251015986842,3.23871642311235,11839.0,26.334052539092912,-1.2137279645149657e-06,-1.0
2023-04,"Clothing, sporting goods, and general merchandise stores",financement,19.43686315078913,10.365045689455114,0.2588073664584083,2.34785318615926,21.78535213110464,4.693002242922735,4.141669265149153,15451.0,25.303789590907602,1.5894853906267548e-06,1.0
2023-04,"Clothing, textile, leather and furniture manufacturing, and other manufacturing",financement,-14.42536623560344,-1.4394013104453167,-2.386790638025008,30.994779509088527,16.569413273485093,4.3684523857034225,-3.302168585564341,11164.0,10.505316646278347,1.3877787807814457e-17,0.0
2023-04,Computer and electronic equipment manufacturing [334],financement,8.105476747254347,-3.7739083387571553,-0.43017602682313494,-5.110226677402433,2.995250069851914,4.911548989288839,1.6502893007747377,5357.0,32.83280215739152,0.0,0.0
2023-04,Construction [23],financement,15.510088399172217,1.0085441497093173,0.3452292899408284,5.006357824287581,20.5164462234598,7.6459270677918685,2.028542551041035,142898.0,34.28339739068265,0.0,0.0
2023-04,"Educational, health care and social assistance services",financement,47.45318205943023,-0.36651852396625023,-0.580280952653669,-27.748861410146525,19.70432064928371,20.740148691647615,2.287986588955381,26437.0,33.83113226863227,6.938893903907228e-18,0.0
2023-04,Food and beverage stores [445],financement,13.029668019649435,7.004016064257028,0.6465438628488054,3.895848291421864,16.925041035929237,3.3304615321918716,3.9122709851791133,5039.0,9.123995074961975,-1.1881878551542324e-06,-1.0
2023-04,Food and soft drink and ice manufacturing,financement,13.271714072305699,-29.493118979607246,-0.04446340538490709,-1.9014701082050784,11.37024396410062,4.158171534010728,3.19171875516751,27967.0,32.45561100150864,-3.469446951953614e-18,0.0
2023-04,"Machinery, equipment and supplies merchant wholesalers [417]",financement,19.34996965371934,-4.182579705058859,-0.21577630655642677,-5.077766584493968,14.272203069225373,4.860371870190052,3.9811706121496235,28628.0,30.885081776205066,6.938893903907228e-18,0.0
2023-04,Mining and quarrying (except oil and gas) and support activities,financement,5.519612805728361,-0.852786138116316,-0.319098580437937,-2.0334234569650453,3.4862152681577627,9.729508587933601,0.5673064323694319,39335.0,29.206917290999947,6.479848611851136e-08,1.0
2023-04,Motor vehicle and motor vehicle parts and accessories merchant wholesalers [415],financement,23.58888296155193,-5.805164103036444,-0.03594584781368328,-1.0565939424119375,22.53228901914,4.277130440991613,5.515118906703971,6896.0,19.012434176063522,6.938893903907228e-18,0.0
2023-04,Motor vehicle and parts dealers [441],financement,20.2720733911968,7.513733162766198,0.717482918047543,9.153891176537744,29.425964567734546,3.762915773764805,5.387331157538652,12788.0,22.88393400379371,1.3877787807814457e-17,0.0
2023-04,Motor vehicle and trailer manufacturing,financement,-10.327186198691257,2.370249284838578,-0.3679975938040454,4.672625705421084,-5.6545604932701705,-0.6928480204342273,14.905413444378347,1980.0,6.040637012630423,1.734723475976807e-18,0.0
2023-04,Motor vehicle parts manufacturing [3363],financement,23.292210169174478,0.8063619836941421,-0.37862692246710006,-8.513747497530847,14.777231647375933,7.118948178785751,3.2718611772711808,3503.0,18.568778160614894,-3.0775606692512447e-06,-1.0
2023-04,Non-metallic mineral product manufacturing [327],financement,16.719696522008682,-4.905692081495483,-0.19794595214871766,-4.28065813770666,12.439038384302027,8.894985449884283,1.8796766578439088,5601.0,33.57913669064748,6.938893903907228e-18,0.0
2023-04,Oil and gas extraction and support services,financement,9.527100523571626,-0.208834455036942,0.18583537100187503,1.8092810887998554,11.336381612371481,15.150090288241097,0.628847772014018,85714.0,27.679857392899354,0.0,0.0
2023-04,Other retailers,financement,15.228228079719102,16.82985236226347,0.19057768222844115,-0.3052338435680954,14.92299423615101,3.9181233752589564,3.886612702366127,29986.0,29.379604953754505,6.938893903907228e-18,0.0
2023-04,Other wholesalers,financement,13.934132030794178,-6.812885429882531,0.014659524127133458,0.30414140303084936,14.238273433825027,3.241227579627242,4.299029206828074,64077.0,27.705258970689336,0.0,0.0
2023-04,Petroleum and coal product manufacturing [324],financement,12.913835196125648,2.7479323530413287,0.18128879358988828,1.8429642621747715,14.756799458300417,7.6335147126680365,1.6917286050021973,11424.0,12.38978363429315,0.0,0.0
2023-04,"Pharmaceutical and medecine manufacturing, and soap, agricultural chemicals, paint and other chemical product manufacturing",financement,17.886115468011024,-0.5073639570559488,-0.7580341320902313,-13.942885212100167,3.943230255910854,12.16745552472662,1.4699963711938773,14314.0,23.161812297734627,-6.938893903907228e-18,0.0
2023-04,Pipelines [486],financement,10.258428190318751,33.93142333300936,0.3725304691412989,-8.818911986486224,1.4395162038325264,23.146219912585206,0.44320101636729786,3000.0,2.825311019654747,-3.0357660829594124e-18,0.0
2023-04,Plastics and rubber products manufacturing [326],financement,17.931862052816193,45.58613110425479,0.020411279649801488,-0.5644590191197637,17.367403033696426,8.335962308060619,2.1511448096972114,8865.0,37.995028287330705,0.0,0.0
2023-04,Primary metal and fabricated metal product and machinery manufacturing,financement,15.852780441381345,16.508135037389753,0.05774516510167278,-0.03784355934664548,15.814936882034699,8.18806796416009,1.9360831530429874,41428.0,35.07399505570795,0.0,0.0
2023-04,"Professional, scientific and technical services [54]",financement,29.011371466474422,5.856841126274206,-0.6278988780490267,-14.538703622363863,14.472814264877332,7.91828464831571,3.663845486111111,83489.0,35.25539246321977,3.660519169307319e-07,1.0
2023-04,"Publishing, motion picture and sound recording, broadcasting, and information services",financement,-5.238930674494954,-42.358783364369955,-0.12274285714285714,-4.556196775877229,-9.795047619047619,-3.876407382653848,1.3514912539734927,36450.0,33.084931606321085,1.995783114085159e-07,-1.0
2023-04,Real estate [531],financement,7.239059062903462,3.2668010396743856,0.7294880814681437,2.89771488446182,10.136773947365283,43.336766678885894,0.16704197423271092,239590.0,32.42900107469539,0.0,0.0
2023-04,"Rental and leasing of automotive, machinery and equipment, and other goods",financement,8.44818985775881,0.16933220859626685,0.1964867490997771,1.6266858257437715,10.074875683502583,15.79759180166905,0.5347770700636942,17320.0,29.964879500354666,-3.469446951953614e-18,0.0
2023-04,"Repair, maintenance and personal services",financement,29.538942297671262,-26.89585853641767,-0.0830948386460081,-4.689440669328223,24.849501628343038,8.975873655405014,3.2909267032612206,11061.0,35.559056130650035,0.0,0.0
2023-04,Telecommunications [517],financement,7.126200973986127,5.59071911417105,2.0195530726256985,3.10098710795056,10.227188081936685,14.822636973829473,0.48076472402096826,2364.0,1.4321891168167113,-3.469446951953614e-18,0.0
2023-04,"Total, non-financial industries",financement,12.242968460041464,13.11993190227884,0.08843317859561241,-0.07755266470920077,12.165419790655365,7.84014563302986,1.561574112662256,1177420.0,26.15471179991963,9.98830775034154e-09,1.0
2023-04,"Transportation, postal and couriers services, and support activities for transportation",financement,20.23641557121371,-6.788886411354306,0.11983246528503473,3.2385085616436626,23.47492413285737,11.529152002329266,1.755238855999582,33905.0,15.082496652535399,-6.938893903907228e-18,0.0
2023-04,Utilities [22],financement,6.655783549253163,4.6413272268110894,0.36726584436421983,0.7398410021965295,7.395707982350581,16.19637351459794,0.4109428288532766,6284.0,4.7319989758881915,2.0857725221978818e-07,1.0
2023-04,Warehousing [493],financement,8.006541700137939,0.6619293905296927,1.036044613710555,7.609346023161861,15.614798694232862,6.996842373170519,1.1443078567610903,2974.0,17.82546152001918,-2.7225726673407724e-06,-1.0
2023-04,Wood product and paper manufacturing,financement,8.358371148766079,-0.007344130171017647,-0.23770872383965883,-1.988603502962073,6.369623910164915,4.394410260833024,1.9020461569697926,7872.0,19.93466534984426,-3.593390977274513e-07,-1.0
2023-07,"Administrative and support, waste management and remediation services [56]",financement,27.651172309006217,-1.9109969388825403,-0.3795228427857688,-11.219518511872776,16.431255669301542,9.061935085875984,3.0513540482212886,31253.0,36.36733886451703,-9.95319579748244e-07,-1.0
2023-07,"Aerospace, rail and ship products and other transportation equipment manufacturing",financement,3.8549986834020897,-6.990920881971466,-0.3512328455099368,-3.80944319111805,0.0455554922840385,1.0373169579593766,3.7163170367769682,6986.0,13.33358781539871,-1.5856456772600502e-18,0.0
2023-07,"Agriculture, forestry, fishing and hunting [11]",financement,9.183780455685984,4.297509456805848,0.6565005740119431,3.207839715542719,12.39153844100136,13.305387583043608,0.6902302092567223,47055.0,27.9608292877134,-2.0432556835370264e-07,-1.0
2023-07,"Alcohol beverage, tobacco and cannabis product manufacturing",financement,8.087121752509212,2.862282576562147,-0.3461550138134127,-1.8086042771228157,6.278271957254318,10.1874271210832,0.7938335809806835,9642.0,46.5684617242212,-6.137953301940668e-07,-1.0
2023-07,"Arts, entertainment and recreation, and accommodation and food services",financement,17.994091993210294,10.697262987403304,0.5364100624172499,3.914092502452926,21.908184495663217,7.488670439631191,2.402842018255043,39941.0,36.210913772313944,-6.938893903907228e-18,0.0
2023-07,"Basic chemical manufacturing and resin, synthetic rubber, and artificial and synthetic fibres and filaments manufacturing",financement,15.204228884565085,-6.300427545824204,-0.15439311594202898,-3.320170913550593,11.884057971014492,10.864901925279955,1.399389427454341,1941.0,9.424160031073995,3.469446951953614e-18,0.0
2023-07,Building material and supplies merchant wholesalers [416],financement,17.33126919030173,-98.86212634008334,-0.018984081191077223,-2.2058248546157793,15.12544433568595,5.573901259184609,3.1093606406721808,11933.0,27.66366839762611,0.0,0.0
2023-07,"Clothing, sporting goods, and general merchandise stores",financement,19.670929447253,8.440273617488756,0.2756072139224914,3.0952497637637086,22.766179211016706,4.817533579851839,4.083195087528165,16033.0,25.014821980216556,0.0,0.0
2023-07,"Clothing, textile, leather and furniture manufacturing, and other manufacturing",financement,-16.605120839700632,-1.7438193361585974,-2.2839158211198796,33.941961626372304,17.33684078667168,4.79609384113486,-3.462217669154593,11680.0,11.042619975040653,6.938893903907228e-18,0.0
2023-07,Computer and electronic equipment manufacturing [334],financement,12.14876784577612,-4.2458393395361025,-0.4096521365686064,-6.716085861666178,5.432681984109942,7.7136258660508075,1.5749749931799581,5898.0,34.02365157196424,-1.734723475976807e-18,0.0
2023-07,Construction [23],financement,16.51021226907138,0.2345177639277094,0.32087310280081366,5.222432596103603,21.732644865174986,7.850537674059144,2.1030677075312636,146865.0,34.5541127781869,6.938893903907228e-18,0.0
2023-07,"Educational, health care and social assistance services",financement,51.66309025384111,-0.2076878049550914,-0.5907464478687212,-30.64247788642066,21.02061236742045,22.393996950502604,2.3070062199272385,26340.0,33.83820865610668,-6.938893903907228e-18,0.0
2023-07,Food and beverage stores [445],financement,15.282797608042086,8.014016268489737,0.6145896011043075,4.467317423989913,19.750115032032,3.5124716771768227,4.351009492075323,5291.0,9.46139265405386,-6.938893903907228e-18,0.0
2023-07,Food and soft drink and ice manufacturing,financement,13.346706681809298,-19.681769027701325,-0.07908674173305442,-2.612114528274528,10.734790155325115,4.233208209108296,3.1528585466436843,27630.0,31.444536753576347,4.950044758637862e-07,1.0
2023-07,"Machinery, equipment and supplies merchant wholesalers [417]",financement,21.425245650646506,4.994755466417695,-0.23269605239865462,-3.8233102048448866,17.601935445801615,5.556172981636157,3.856115661168147,27818.0,30.059215076071922,0.0,0.0
2023-07,Mining and quarrying (except oil and gas) and support activities,financement,3.9438180340513274,-0.4020407130666058,-0.30181021679634595,-1.3116245706339598,2.632193463417368,7.135021262955068,0.5527408943442924,39446.0,29.16330891105213,8.673617379884035e-19,0.0
2023-07,Motor vehicle and motor vehicle parts and accessories merchant wholesalers [415],financement,22.169261520761978,-4.711564233140217,-0.05753891050583657,-1.5466934273767652,20.622568093385212,4.212498828036056,5.262734169376064,6896.0,18.420771449941235,6.938893903907228e-18,0.0
2023-07,Motor vehicle and parts dealers [441],financement,16.328504051666705,5.6683678633168935,0.7672970479704797,8.179491028284094,24.5079950799508,3.4047090269905844,4.795858889033886,13599.0,22.972447928104465,0.0,0.0
2023-07,Motor vehicle and trailer manufacturing,financement,24.972386985944684,3.9134499195174164,-0.3899669397728906,-8.212289242664534,16.76009774328015,1.6546886864691528,15.091894439208295,1997.0,6.010896065978389,0.0,0.0
2023-07,Motor vehicle parts manufacturing [3363],financement,24.167888125785765,-2.7065296298978856,-0.35057288351368554,-9.421442125361407,14.746446000424356,8.042168251902455,3.0051457975986278,3511.0,18.373541263279083,0.0,0.0
2023-07,Non-metallic mineral product manufacturing [327],financement,29.856111804412027,-13.961565881188273,-0.17111398236054154,-7.497817326573704,22.35829447783832,14.315836789097213,2.0855303287021347,6035.0,34.36592449177154,-6.938893903907228e-18,0.0
2023-07,Oil and gas extraction and support services,financement,9.19603384878768,9.554453713497663,0.18607513354282657,-0.0666930241903119,9.129340824597369,12.999512618549645,0.7074137407017403,86744.0,27.739793927842765,3.469446951953614e-18,0.0
2023-07,Other retailers,financement,15.613933423475629,16.868329346137344,0.20112606130378471,-0.25229171124047794,15.361922578788315,4.235269609944111,3.6866445023512147,28692.0,27.682422067208893,7.021663829057112e-07,1.0
2023-07,Other wholesalers,financement,13.30277997839708,41.51264774662099,0.024763723549583207,-0.6985813667825949,12.604198611614487,3.184686687818314,4.1771079174856665,64496.0,27.702563397704626,0.0,0.0
2023-07,Petroleum and coal product manufacturing [324],financement,16.78284969202525,8.323049670078053,0.1707138336497785,1.4442048936570857,18.227240931348057,9.059092480021349,1.852597236316733,11593.0,12.379731966469112,4.658641643076611e-07,1.0
2023-07,"Pharmaceutical and medecine manufacturing, and soap, agricultural chemicals, paint and other chemical product manufacturing",financement,4.543151568129878,-0.35283165760229623,-0.7584195853494409,-3.7132095679376134,0.8299420001922646,3.457583249760867,1.3139673696776761,14718.0,23.91654073026861,4.336808689942018e-19,0.0
2023-07,Pipelines [486],financement,8.386130565923512,39.51946394694485,0.40151266030910887,-12.500427510104261,-4.114143739267054,19.947872337404007,0.42040225764823963,2558.0,2.5208924629454432,3.830122842392314e-07,1.0
2023-07,Plastics and rubber products manufacturing [326],financement,16.68929571234777,37.59476932118719,0.04193515393269919,-0.8766742538226615,15.812621458525111,7.661733006835816,2.178266417983705,9257.0,38.85577568838146,6.938893903907228e-18,0.0
2023-07,Primary metal and fabricated metal product and machinery manufacturing,financement,16.587488651315883,23.258518088464747,0.07179855377198831,-0.4789702657576495,16.108518385558234,8.672618966372728,1.9126273984401168,41093.0,34.75153913808268,0.0,0.0
2023-07,"Professional, scientific and technical services [54]",financement,30.44302528043813,5.541841890266928,-0.6195820547985753,-15.428326371798425,15.014849091788108,8.596309857028789,3.541406229737791,87175.0,36.19803345125982,3.754578710088441e-07,1.0
2023-07,"Publishing, motion picture and sound recording, broadcasting, and information services",financement,13.564155170569686,56.36171647705736,-0.10409202908409293,4.454884996243165,18.018835124635316,10.019108883032343,1.3538285020078966,38541.0,33.00280011303209,-5.126054438350791e-07,-1.0
2023-07,Real estate [531],financement,6.782453780052789,3.841700048015786,0.7291412776011243,2.1442249332877346,8.926678713340525,40.23890093076016,0.1685546479443732,249682.0,33.326615029157885,3.469446951953614e-18,0.0
2023-07,"Rental and leasing of automotive, machinery and equipment, and other goods",financement,9.085879239836421,3.709044762344255,0.16145435580308082,0.8681133468232923,9.953992586659712,15.393707205738508,0.5902333413519365,16503.0,29.17838009865804,0.0,0.0
2023-07,"Repair, maintenance and personal services",financement,28.744957351755556,-34.62800994590822,-0.06477732793522267,-4.105131484868909,24.641148325358852,9.509768226855858,3.0226769639431352,11246.0,36.159609015787275,3.3061461805067305e-06,1.0
2023-07,Telecommunications [517],financement,6.02697185323728,5.667199382857997,1.9859190663453,0.714479008472367,6.741450861709648,12.462851962481096,0.48359491642693275,2394.0,1.4101182166775637,3.469446951953614e-18,0.0
2023-07,"Total, non-financial industries",financement,12.761912874986583,15.805552159198113,0.09153841994579516,-0.2786099309616744,12.48330294402491,8.213950834192445,1.553687516835651,1206053.0,26.43382398871505,3.469446951953614e-18,0.0
2023-07,"Transportation, postal and couriers services, and support activities for transportation",financement,23.1471621789627,15.347761936137005,0.1521506649142428,1.1866839328782361,24.333657150787367,13.661289944322471,1.6943613870506045,36450.0,15.880968978738236,-4.724026339206211e-07,-1.0
2023-07,Utilities [22],financement,6.330866914758053,6.063541118363797,0.3719896717811212,0.09944243525932624,6.43030935001738,15.195015487163166,0.41664103074501,6330.0,4.690869478224139,0.0,0.0
2023-07,Warehousing [493],financement,6.483203501101935,0.6671827293374583,1.0356227575602255,6.0232034696822785,12.506406970784214,6.153929900723312,1.0535062319023039,2893.0,17.269579751671444,6.938893903907228e-18,0.0
2023-07,Wood product and paper manufacturing,financement,8.673967008361585,-0.5405035283988892,-0.2651134800550206,-2.442880350865023,6.231086657496561,4.604933968107299,1.8836246227275917,7897.0,19.92330398365164,0.0,0.0
2023-10,"Administrative and support, waste management and remediation services [56]",financement,23.877042366954914,-1.7262796031154788,-0.44233286936868654,-11.32519087239157,12.551851494563346,7.0780349607436746,3.3733998912667427,30344.0,33.58903685008689,0.0,0.0
2023-10,"Aerospace, rail and ship products and other transportation equipment manufacturing",financement,6.67711887853915,-15.66441771780581,-0.3860702151755379,-8.625401841103052,-1.9479048697621744,1.5070774354704413,4.430508161947801,6132.0,11.62662823988927,9.452320043224632e-07,1.0
2023-10,"Agriculture, forestry, fishing and hunting [11]",financement,8.067815353618823,4.503403072249418,0.6444494366489252,2.297083486713023,10.364968549111772,11.5641724773821,0.6976560899103104,46391.0,26.801818717538378,1.7427194981892158e-07,1.0
2023-10,"Alcohol beverage, tobacco and cannabis product manufacturing",financement,6.515979535182508,10.948600372071391,-0.3870361672146548,1.7155845794252893,8.231564114607796,8.18023404849752,0.7965517241379311,8953.0,44.50022366916845,0.0,0.0
2023-10,"Arts, entertainment and recreation, and accommodation and food services",financement,16.218042418937625,9.980061865496017,0.5539648721679484,3.4556220998734295,19.67366451881106,7.116543646619519,2.2789212325904127,40387.0,37.13712977351933,6.938893903907228e-18,0.0
2023-10,"Basic chemical manufacturing and resin, synthetic rubber, and artificial and synthetic fibres and filaments manufacturing",financement,12.728182583207168,-7.066996984058595,-0.1536044684936289,-3.0406280361658005,9.687554547041369,9.24628574471484,1.3765724891730253,1822.0,8.420371568536833,3.469446951953614e-18,0.0
2023-10,Building material and supplies merchant wholesalers [416],financement,21.51768343348161,-39.825783972125436,-0.04429610144675782,-2.7172764552946513,18.800406978186963,6.97009911844568,3.087141670128791,12496.0,28.22041553748871,0.0,0.0
2023-10,"Clothing, sporting goods, and general merchandise stores",financement,23.929500423579345,7.936140858171117,0.206440983555597,3.30168487904119,27.231185302620535,5.227069608261934,4.577995362020098,16033.0,25.199610209983653,0.0,0.0
2023-10,"Clothing, textile, leather and furniture manufacturing, and other manufacturing",financement,-20.071020630996557,-1.7889042585329042,-2.029195453532427,37.09798742395399,17.02696679295743,5.1917309849292606,-3.8659592897358164,11868.0,11.246197727638847,0.0,0.0
2023-10,Computer and electronic equipment manufacturing [334],financement,13.668133574941754,-3.92416810287684,-0.3942609241062095,-6.935957116651979,6.732176458289777,8.880915003363983,1.539045646733972,6136.0,33.52089593007375,3.469446951953614e-18,0.0
2023-10,Construction [23],financement,14.521354866351876,1.3570858378155286,0.33840448894992103,4.454847733001117,18.97620259935299,7.2821688279415655,1.9940975291088652,146974.0,33.619338885699186,-6.938893903907228e-18,0.0
2023-10,"Educational, health care and social assistance services",financement,50.98071246983682,-0.22459232786030073,-0.5870693648081008,-30.061065762389244,20.919646707447573,22.183508485848275,2.298135685000387,27392.0,34.39607217750543,-6.938893903907228e-18,0.0
2023-10,Food and beverage stores [445],financement,13.429197055894928,7.239879347556489,0.5731842449884155,3.5476193976473986,16.977267385245625,3.297130088156818,4.072995816614019,5337.0,9.56160309583102,1.12732925824921e-06,1.0
2023-10,Food and soft drink and ice manufacturing,financement,13.241256734294652,-10.920941543445522,-0.07909210076370683,-1.9110390208556896,11.330217713438962,4.2791107325383315,3.0943945043553605,28281.0,31.140302583188355,0.0,0.0
2023-10,"Machinery, equipment and supplies merchant wholesalers [417]",financement,23.570051618847547,-3.177180337336818,-0.23150790861159928,-6.192195731325578,17.377855887521967,6.145370403713929,3.835415942479738,27035.0,28.995066495066496,0.0,0.0
2023-10,Mining and quarrying (except oil and gas) and support activities,financement,5.896935340667202,-0.0849272929666787,-0.31453978731206456,-1.8815338005131872,4.0154015401540155,10.02487052479848,0.5882305737595293,39632.0,28.751133519532807,1.734723475976807e-18,0.0
2023-10,Motor vehicle and motor vehicle parts and accessories merchant wholesalers [415],financement,15.088658171426687,174.12952380952382,-0.004923198109491926,0.7829896890414393,15.872390705001967,2.9859707031432112,5.0531835947162715,7198.0,18.782454400751508,1.8571113346091406e-06,1.0
2023-10,Motor vehicle and parts dealers [441],financement,13.24861013615662,5.104252879397303,0.8554594842757671,6.967167658624926,20.215777794781545,2.9909094456184655,4.429625963957276,13594.0,22.23748998053361,0.0,0.0
2023-10,Motor vehicle and trailer manufacturing,financement,-12.863078868659292,1.1237724486774887,-0.38925205229553056,5.444410580425787,-7.418668288233506,-0.8484504392664134,15.160672059738644,1815.0,5.80224417377961,-3.469446951953614e-18,0.0
2023-10,Motor vehicle parts manufacturing [3363],financement,22.481775429358528,-5.0553625724441975,-0.34526304757912385,-9.507556188109314,12.974219241249212,7.97767192973517,2.8180872348939574,3748.0,18.989714748948675,0.0,0.0
2023-10,Non-metallic mineral product manufacturing [327],financement,13.462089633737891,4.325191935303942,-0.2760487884920418,-2.522229540228417,10.939123776185527,6.891952510541582,1.953305629013978,6570.0,33.874709976798144,-1.8407933098686657e-06,-1.0
2023-10,Oil and gas extraction and support services,financement,9.698408992227039,11.708160980261212,0.18718377427356872,-0.3761929624740448,9.322216029752992,14.189474179801953,0.6834931914554147,88757.0,28.112657141318703,0.0,0.0
2023-10,Other retailers,financement,15.511044334638976,16.28259051392949,0.19968951141656055,-0.1540696795778367,15.35697465506114,4.541906915035188,3.415095162627041,27736.0,26.81931578642016,0.0,0.0
2023-10,Other wholesalers,financement,15.785426107171164,147.02643179116356,0.006082959456111861,-0.7983337165550719,14.987201012909084,3.6404482250282157,4.336121579382938,63867.0,27.73811074918567,2.7155573248394127e-07,1.0
2023-10,Petroleum and coal product manufacturing [324],financement,17.733939071918673,0.9838879702487803,0.1923484246756685,3.2218459426431494,20.95578501456182,10.24104566395919,1.73165315865438,10699.0,11.555368348291914,-6.938893903907228e-18,0.0
2023-10,"Pharmaceutical and medecine manufacturing, and soap, agricultural chemicals, paint and other chemical product manufacturing",financement,8.644490639200859,-0.4844486880946501,-0.7758562874251497,-7.082744974604937,1.561676646706587,5.741383214589897,1.5056459943718163,15406.0,24.861218693519234,-1.7254472333728954e-07,-1.0
2023-10,Pipelines [486],financement,10.201606475802372,6.650514334247115,0.4977508273388423,1.7675590514155903,11.969165527217962,23.877357210690544,0.4272502348473823,2338.0,2.3136831896765,0.0,0.0
2023-10,Plastics and rubber products manufacturing [326],financement,15.107980350356845,-1.7937219730941705,0.04312303601643703,0.7288527180332756,15.83756345177665,7.171770503343892,2.106590045416628,9433.0,39.6694562429034,1.825958466317168e-06,1.0
2023-10,Primary metal and fabricated metal product and machinery manufacturing,financement,17.850032892764357,30.484132939325843,0.08889863748967795,-1.1231542800475929,16.726878612716764,9.724209739161578,1.8356281252221722,41580.0,34.67716377829299,0.0,0.0
2023-10,"Professional, scientific and technical services [54]",financement,29.92878513436837,5.568402172507167,-0.6258131816026553,-15.245048766421473,14.683736367946896,8.699684728841842,3.440214912058391,85847.0,35.572600060498324,0.0,0.0
2023-10,"Publishing, motion picture and sound recording, broadcasting, and information services",financement,14.65006371387208,159.93654830481634,-0.12323672154941716,17.904630046427886,32.55469376029996,9.46645118077467,1.5475771684773236,40979.0,34.0498545907769,-1.3877787807814457e-17,0.0
2023-10,Real estate [531],financement,5.460983592722808,3.679179168794651,0.7561058796321171,1.3472328012865968,6.8082163940094045,30.917524356275482,0.17663068781942645,254551.0,32.39930861381652,0.0,0.0
2023-10,"Rental and leasing of automotive, machinery and equipment, and other goods",financement,8.761511876774522,1.066313417724556,0.16564723505180376,1.2746883479165279,10.03620022469105,14.624744262953099,0.5990882109965425,16862.0,28.55739592859804,0.0,0.0
2023-10,"Repair, maintenance and personal services",financement,30.08925090615646,-38.22955234597442,-0.052490387194849324,-3.586080435393081,26.504515782884734,10.494396261835528,2.867173123201057,11720.0,36.25901061163877,3.363280303383953e-06,1.0
2023-10,Telecommunications [517],financement,6.601147910754941,5.181361113731759,2.006556416314122,2.8488823073649425,9.450030218119881,12.861270461249779,0.5132578411008303,2654.0,1.5527278045926576,-6.938893903907228e-18,0.0
2023-10,"Total, non-financial industries",financement,12.190533437136267,10.422070619901662,0.09124149568605516,0.16135719250966016,12.351890629645926,7.910834848289692,1.5409920281387035,1215568.0,26.149879583905655,-3.469446951953614e-18,0.0
2023-10,"Transportation, postal and couriers services, and support activities for transportation",financement,16.131586357948137,13.163529689040546,0.18534931373186755,0.5501272666993147,16.68184479281858,9.691183793215524,1.664563040197558,38164.0,16.27414107041581,3.2792042781865094e-07,1.0
2023-10,Utilities [22],financement,6.3391185223300255,3.386468294431841,0.37968746111926743,1.1210842686038882,7.460123920670863,13.758413312087539,0.46074488231580846,6352.0,4.66359284602508,-1.9717565762425449e-07,-1.0
2023-10,Warehousing [493],financement,6.33613834689451,0.5517664893328517,0.9919171507956555,5.737617652095133,12.073755998989643,6.820473246466026,0.9289880801420238,3024.0,17.658394160583942,0.0,0.0
2023-10,Wood product and paper manufacturing,financement,6.901965807420192,-1.608971884260646,-0.25946638704415703,-2.2083022532183647,4.6936635542018275,3.9206662415573668,1.7604063651892474,7463.0,18.895105957414486,1.734723475976807e-18,0.0
2024-01,"Administrative and support, waste management and remediation services [56]",financement,33.06191109912447,-1.0018644455892822,-0.4606975255972696,-15.693097105950413,17.36881399317406,9.952229638809555,3.322060713932562,30673.0,35.353849700322726,0.0,0.0
2024-01,"Aerospace, rail and ship products and other transportation equipment manufacturing",financement,8.343512167621912,-6.607700312174818,-0.4194217130387343,-6.270863150282446,2.073104200763775,2.029621503017005,4.110870995020201,6290.0,11.622106021692135,1.1379585607767737e-06,1.0
2024-01,"Agriculture, forestry, fishing and hunting [11]",financement,8.464185111638507,5.977922855302138,0.632552028143941,1.5726902327433017,10.036875344381809,12.715425017471608,0.66566277572384,46062.0,26.4227572320983,0.0,0.0
2024-01,"Alcohol beverage, tobacco and cannabis product manufacturing",financement,5.762543963111965,1.6798922714375029,-0.3721533770193992,-1.519372614250614,4.243171348861351,7.570477590420103,0.7611863180737832,9040.0,47.48148537213089,0.0,0.0
2024-01,"Arts, entertainment and recreation, and accommodation and food services",financement,14.518386417043367,7.467380072686805,0.5440375680671429,3.836012344009739,18.354398761053105,6.771288842149444,2.144109748600641,41142.0,37.28927237791393,0.0,0.0
2024-01,"Basic chemical manufacturing and resin, synthetic rubber, and artificial and synthetic fibres and filaments manufacturing",financement,11.948950633939859,-11.084362115516129,-0.08692375886524822,-2.0021421233015597,9.946808510638299,9.63578273209079,1.2400601970969465,1816.0,7.82893602345232,-3.469446951953614e-18,0.0
2024-01,Building material and supplies merchant wholesalers [416],financement,12.843142087336986,-41.14327281049117,-0.02343980343980344,-1.265430953624768,11.577395577395578,4.51534465237075,2.844332620455403,13199.0,30.41875043211726,-7.888907916017707e-07,-1.0
2024-01,"Clothing, sporting goods, and general merchandise stores",financement,16.075932613262207,10.885322328984302,0.25832190499937663,1.3408483367440251,17.416780950006235,3.963320742217823,4.056177548796195,18436.0,26.191592436318174,0.0,0.0
2024-01,"Clothing, textile, leather and furniture manufacturing, and other manufacturing",financement,-30.349212084454397,-1.0923221315909197,-1.2629478759664146,36.94992702335206,6.6007149388976645,2.867220962459058,-10.584887764780271,12603.0,13.01855218576977,6.938893903907228e-18,0.0
2024-01,Computer and electronic equipment manufacturing [334],financement,15.568147927229347,-1.8392168495995251,-0.33452416393767986,-5.823184148326896,9.744963778902452,11.759405271457537,1.3238890545779898,7339.0,38.361821128012124,0.0,0.0
2024-01,Construction [23],financement,14.839885577927895,-1.248726448409217,0.28248056894540724,4.544720278741629,19.384605856669523,7.2238916442814025,2.054278539694804,143792.0,33.87980717123214,0.0,0.0
2024-01,"Educational, health care and social assistance services",financement,61.16751927199798,-0.37058151798470806,-0.6174826063474919,-37.99870686547316,23.169298217746288,23.129190329878142,2.644602703319976,26938.0,34.44536794322614,1.214528053662678e-06,1.0
2024-01,Food and beverage stores [445],financement,10.782843427609473,6.018674632383323,0.6301730103806228,3.0022505916490876,13.785467128027681,2.8604285045324613,3.7696601787192496,5466.0,9.821925931250112,9.327719228055531e-07,1.0
2024-01,Food and soft drink and ice manufacturing,financement,11.774708037435149,-16.09028091485553,-0.0839531985042821,-2.3393549488312866,9.435353088603863,4.288642620809647,2.7455558969407012,28890.0,30.769394623610104,0.0,0.0
2024-01,"Machinery, equipment and supplies merchant wholesalers [417]",financement,18.389841496593448,-5.99619230553712,-0.16421429507051477,-4.004535350382617,14.38530614621083,5.480192615531465,3.355692543447219,27839.0,29.46986217263354,0.0,0.0
2024-01,Mining and quarrying (except oil and gas) and support activities,financement,5.191017118879062,-0.42523363096122524,-0.3167618744168051,-1.7790141147141965,3.4120030041648652,9.542378191586934,0.5439961626605554,39273.0,28.04733474261555,0.0,0.0
2024-01,Motor vehicle and motor vehicle parts and accessories merchant wholesalers [415],financement,15.993216391912469,-64.68329827737692,0.018790028052717938,1.5159139738314578,17.50913036574393,3.165879191981685,5.051745635910224,6762.0,17.840276495264227,6.938893903907228e-18,0.0
2024-01,Motor vehicle and parts dealers [441],financement,9.249382183955502,5.266769250501644,0.9291447444218288,3.700423876185056,12.94980606014056,2.2335555006568444,4.1411024625246355,13384.0,21.097099621689786,0.0,0.0
2024-01,Motor vehicle and trailer manufacturing,financement,104.05219820624228,-6.5286956162840815,-0.4824373240380748,-53.348350505478095,50.70384770076418,7.18336035721027,14.485170314726071,1677.0,5.260186317869578,0.0,0.0
2024-01,Motor vehicle parts manufacturing [3363],financement,19.124835263082616,-9.450384409082782,-0.268449310453732,-7.670998017056718,11.453837246025897,7.244003065690673,2.6400920995826738,3993.0,18.43405198282628,0.0,0.0
2024-01,Non-metallic mineral product manufacturing [327],financement,8.027751447444137,-7.392575601948416,-0.2281140304222955,-3.517592953666879,4.510158493777258,5.3492542128905765,1.5007234892854682,6422.0,32.62714017172179,-1.734723475976807e-18,0.0
2024-01,Oil and gas extraction and support services,financement,6.394458914771636,9.10431067891165,0.16823736763142177,-0.4558983274702805,5.938560587301356,9.538290216140261,0.6703988628854283,83135.0,26.892868464808142,0.0,0.0
2024-01,Other retailers,financement,11.662478781808172,15.25148963382201,0.19036713165382746,-0.6832297013723337,10.979249080435839,3.422148325416553,3.4079407649253732,25356.0,24.87467503801442,3.469446951953614e-18,0.0
2024-01,Other wholesalers,financement,12.00922680933769,57.2151284159384,0.013986013986013986,-0.6322503721202897,11.376976437217401,2.957318277901862,4.060850297742695,66575.0,28.481039734419383,0.0,0.0
2024-01,Petroleum and coal product manufacturing [324],financement,13.282709079687963,5.321408769907357,0.20089738970949464,1.5994044509283145,14.882258539940393,8.16891361136861,1.6260067998763659,10320.0,11.057537769206043,3.6252331028774343e-07,1.0
2024-01,"Pharmaceutical and medecine manufacturing, and soap, agricultural chemicals, paint and other chemical product manufacturing",financement,8.441896441896441,0.03149184754796602,-0.7639562309090207,-6.425180994318372,2.016780729227081,6.429363495231759,1.313022113022113,13951.0,23.586197568851546,1.6320412252798094e-07,1.0
2024-01,Pipelines [486],financement,6.69302910462896,6.0390826873385,0.6870206832442483,0.44927471441201977,7.142303819040979,20.74567528940127,0.32262286048834243,4966.0,3.9913518031811863,0.0,0.0
2024-01,Plastics and rubber products manufacturing [326],financement,16.590611730736875,595.1965065502184,0.0012844580575041991,-0.7431950037203101,15.84823634028258,8.282638156904081,2.0030588583551237,9250.0,39.64342347747825,2.049033165044123e-06,1.0
2024-01,Primary metal and fabricated metal product and machinery manufacturing,financement,14.784591921242587,35.40232782028044,0.08668348175220054,-1.7872171335759377,12.997374787666649,7.7243428131104075,1.9140258632940172,42836.0,35.85682716132057,0.0,0.0
2024-01,"Professional, scientific and technical services [54]",financement,34.05906117951677,5.657035943312355,-0.6356283718450375,-18.05313305799028,16.00592812152649,9.80813196934133,3.472532923290593,82546.0,34.907894514268314,0.0,0.0
2024-01,"Publishing, motion picture and sound recording, broadcasting, and information services",financement,2.9130217427982013,59.26335408929061,-0.09382398798868165,5.287012905235523,8.200034648033725,2.23924098380646,1.3008969395720817,40495.0,32.94231535789534,0.0,0.0
2024-01,Real estate [531],financement,7.564612725297064,4.3820625017995765,0.7418090062991092,2.3608444187896787,9.925457144086742,45.31890178766255,0.16691959484676713,255091.0,31.802932057015404,0.0,0.0
2024-01,"Rental and leasing of automotive, machinery and equipment, and other goods",financement,9.68617809968225,25.955146017445514,0.12280701754385964,-1.9979434284972428,7.688234671185004,16.16124386249963,0.5993460764587525,15992.0,24.76155084850737,-6.938893903907228e-18,0.0
2024-01,"Repair, maintenance and personal services",financement,27.386623445883057,-23.124251553278665,-0.08205374280230326,-4.144606345900506,23.24201709998255,9.467975244327349,2.892553343154493,11299.0,34.69143383481732,0.0,0.0
2024-01,Telecommunications [517],financement,4.9017065502229595,3.8580155137327155,2.167057376734176,2.261738359657522,7.163444909880481,10.386445459320017,0.4719330178376411,2716.0,1.563354419814769,0.0,0.0
2024-01,"Total, non-financial industries",financement,11.348426438738334,13.3919741335326,0.09162329461011466,-0.18723657248995562,11.16118986624838,7.771365937208651,1.4602872301255325,1214978.0,25.896918168306584,3.469446951953614e-18,0.0
2024-01,"Transportation, postal and couriers services, and support activities for transportation",financement,9.794895782447202,12.034648666124825,0.22500806791946976,-0.5039624689733629,9.29093331347384,6.2724771019883825,1.5615674036246716,39414.0,16.563496766222467,0.0,0.0
2024-01,Utilities [22],financement,10.135631422313494,2.8765264272527697,0.3196594876077149,2.3204417832117152,12.456073205525207,20.347262198093524,0.49813244276486357,8631.0,6.19718107601617,-3.469446951953614e-18,0.0
2024-01,Warehousing [493],financement,6.991370875878944,1.6791759536295545,1.0320473314433625,5.482436593614462,12.473807469493407,7.754288230606853,0.9016134902341381,3337.0,19.101316542644533,0.0,0.0
2024-01,Wood product and paper manufacturing,financement,7.746215924505891,-2.823217958637744,-0.23467080183498093,-2.480337524299133,5.265878400206758,4.576940570946888,1.6924440692275222,8032.0,19.456893001623023,1.734723475976807e-18,0.0
2024-04,"Administrative and support, waste management and remediation services [56]",financement,28.973851412632023,-0.9471954897508017,-0.4683530244762526,-14.013612812226805,14.960640852989767,8.212102846873286,3.528189058623841,32635.0,35.77340041873568,1.005631461374612e-06,1.0
2024-04,"Aerospace, rail and ship products and other transportation equipment manufacturing",financement,-1.5022715800100954,-7.138310893512853,-0.4520055325034578,-2.547520951110237,-4.049792531120332,-0.33631678871711407,4.4668349318526,6229.0,11.14092039133623,1.734723475976807e-18,0.0
2024-04,"Agriculture, forestry, fishing and hunting [11]",financement,9.12271875119161,5.314300473801356,0.6386697251560753,2.432321454500207,11.555040205691816,13.572104075229168,0.6721668726252801,46906.0,26.192616748845495,0.0,0.0
2024-04,"Alcohol beverage, tobacco and cannabis product manufacturing",financement,8.716216216216216,1.0991933339242974,-0.3884641873278237,-2.958940603826967,5.757575757575758,9.157595835305253,0.9518018018018019,9074.0,47.921837866385005,7.503629662723721e-07,1.0
2024-04,"Arts, entertainment and recreation, and accommodation and food services",financement,17.157163894291035,8.085986600042824,0.46884839232897624,4.253006890939385,21.410170785230417,7.588982564361743,2.2607989607015266,41112.0,36.86745043178822,-6.938893903907228e-18,0.0
2024-04,"Basic chemical manufacturing and resin, synthetic rubber, and artificial and synthetic fibres and filaments manufacturing",financement,10.390282784895607,-9.062165603861928,-0.06687831571911942,-1.3009469848532025,9.089769831655458,9.045538859383592,1.148663771878777,2085.0,8.913684750545082,1.0850790326290272e-06,1.0
2024-04,Building material and supplies merchant wholesalers [416],financement,16.590016579422702,-28.525205461722642,-0.04111295681063123,-1.8548201752796465,14.735196404143053,5.376196426854891,3.0858278348151735,12702.0,29.98088134633087,0.0,0.0
2024-04,"Clothing, sporting goods, and general merchandise stores",financement,19.999518790866276,11.579972819384778,0.24911847141436363,2.097464422418434,22.09698321328471,4.63591449478219,4.314039616860087,18526.0,25.398609835346377,-6.938893903907228e-18,0.0
2024-04,"Clothing, textile, leather and furniture manufacturing, and other manufacturing",financement,59.08144864522558,-1.51801966106568,-0.866225801684646,-52.49282301528044,6.5908083345648,3.295444853286421,17.92821645499724,12198.0,14.629758449471083,5.456761549168382e-06,1.0
2024-04,Computer and electronic equipment manufacturing [334],financement,13.566475731082303,-3.8079914186108876,-0.3598378847823989,-6.251991508366873,7.314484222715429,9.398496240601503,1.443473017787157,7106.0,36.17573690373161,0.0,0.0
2024-04,Construction [23],financement,15.147634775117675,-2.05389343423664,0.2570777544765285,4.422130245625467,19.569688659461203,7.024271122369879,2.156470687311269,145030.0,33.91903680506669,-1.9090320484138612e-07,-1.0
2024-04,"Educational, health care and social assistance services",financement,59.552502628098615,0.11278342083713697,-0.6138712046085949,-36.48833203135824,23.06417059674037,23.22720640812092,2.5639115432873276,27108.0,34.28007789777182,-6.938893903907228e-18,0.0
2024-04,Food and beverage stores [445],financement,11.913525498891351,6.070601052344882,0.6395818238277611,3.7370282740100027,15.650553772901358,3.1434942014665346,3.78989898989899,5530.0,9.76997279248083,6.938893903907228e-18,0.0
2024-04,Food and soft drink and ice manufacturing,financement,12.251028791170707,-13.026916105821451,-0.08997042357663462,-2.274267409529214,9.976761381641493,4.185662904232766,2.926902875714576,29609.0,30.608995895919698,0.0,0.0
2024-04,"Machinery, equipment and supplies merchant wholesalers [417]",financement,17.977144310950465,-5.571314846730423,-0.1594913740555406,-3.7557761079493024,14.22111336348043,5.146408046566901,3.4931439847531665,27721.0,29.06313560210522,-6.370988018256085e-07,-1.0
2024-04,Mining and quarrying (except oil and gas) and support activities,financement,5.091035537254088,-2.5425468151616357,-0.32415512144223524,-2.474464814486623,2.616570722767465,9.257966397213973,0.5499086212698014,39831.0,28.536936601302507,0.0,0.0
2024-04,Motor vehicle and motor vehicle parts and accessories merchant wholesalers [415],financement,24.92879302342624,-0.29111241376200564,-0.08820551084581357,-2.2245346425703003,22.70425838085594,3.9490517338121425,6.312602291325695,5813.0,15.251213433031614,0.0,0.0
2024-04,Motor vehicle and parts dealers [441],financement,12.749663894817845,5.63668904165843,0.9774049573603252,6.952256883057344,19.70192077787519,2.7151008193773554,4.6958344249410535,13938.0,21.983186915445643,6.938893903907228e-18,0.0
2024-04,Motor vehicle and trailer manufacturing,financement,15.410154849810024,1.2861157562244518,-0.4355602314571278,-6.151869736711654,9.258285113098369,1.083522568319921,14.222273998136068,1555.0,4.80205052189488,0.0,0.0
2024-04,Motor vehicle parts manufacturing [3363],financement,19.89433118829187,-7.216684680357072,-0.2770490082904817,-7.511080060156701,12.383251128135166,7.276842282900217,2.7339236463928,3938.0,18.46832059278713,-6.938893903907228e-18,0.0
2024-04,Non-metallic mineral product manufacturing [327],financement,15.608419703048964,-11.5293756711152,-0.17423117709437963,-4.728250031787033,10.88016967126193,8.948811973762501,1.7441890330037242,6351.0,30.391922285495525,-6.938893903907228e-18,0.0
2024-04,Oil and gas extraction and support services,financement,9.06160254458674,10.726141554117259,0.15624286285257508,-0.26007234017883807,8.801530204407902,13.17783956761183,0.687639464579469,83927.0,27.318653060560194,0.0,0.0
2024-04,Other retailers,financement,11.475250919544736,10.519725370400252,0.20882686715369883,0.19953940691316033,11.674586850131215,3.2254094404519,3.557765651587162,25711.0,24.802245716931626,-5.086908167056814e-07,-1.0
2024-04,Other wholesalers,financement,11.854306818081097,-151.45295924418818,-0.0024084881392647697,-0.39332361336673166,11.460983204714365,2.7439784597933503,4.32011657226123,69620.0,28.47455408815578,0.0,0.0
2024-04,Petroleum and coal product manufacturing [324],financement,12.89372646950507,4.731756648022786,0.1922753805029731,1.5693458530792896,14.462931645845837,7.440317192658395,1.7329538695242366,10298.0,10.617808388666639,-3.516918463120078e-07,-1.0
2024-04,"Pharmaceutical and medecine manufacturing, and soap, agricultural chemicals, paint and other chemical product manufacturing",financement,12.896881448241782,1.2741297532717883,-0.7840865917672691,-9.113243763466272,3.783737681530243,7.252672749810928,1.7782246480896293,13831.0,22.582699278320217,2.499918868338613e-07,1.0
2024-04,Pipelines [486],financement,10.941574654608,9.092858674672957,0.7063679915169189,1.3058737936319493,12.24744844823995,35.376004592422504,0.3092936802973978,5837.0,4.560761976199964,0.0,0.0
2024-04,Plastics and rubber products manufacturing [326],financement,15.768766540433244,-17.11142348505531,-0.045884464277052915,-1.5086899046472413,14.260076635786001,7.29235016496291,2.1623710029993393,8702.0,37.27085831762892,0.0,0.0
2024-04,Primary metal and fabricated metal product and machinery manufacturing,financement,15.217096825696638,47.63449875776078,0.04927240869381516,-1.5972834767883373,13.619813348908302,7.644400211652318,1.9906201146430433,42387.0,35.887427927966066,6.938893903907228e-18,0.0
2024-04,"Professional, scientific and technical services [54]",financement,29.697300272567475,5.6274484817721575,-0.639112227085501,-15.383336583633128,14.314091374225004,8.890188927409504,3.340457724245565,84040.0,35.284831385194146,3.19213226650239e-07,1.0
2024-04,"Publishing, motion picture and sound recording, broadcasting, and information services",financement,0.5017942773279889,46.514459796027225,-0.11314365104633999,5.206040971159666,5.7078352484876556,0.37357801188962925,1.3432114882506527,43578.0,34.9917294319806,0.0,0.0
2024-04,Real estate [531],financement,7.9119097773400595,3.985569294367528,0.7263509412390498,2.8519011054320833,10.763828345542551,46.846411802296814,0.16889041172950942,262245.0,32.086945350210144,4.3656926018709186e-08,1.0
2024-04,"Rental and leasing of automotive, machinery and equipment, and other goods",financement,12.167955462374525,28.390295308393256,0.13670912988784747,-2.217741965094178,9.950213497280345,21.89911127130729,0.555636953099428,16311.0,26.502559103095297,-3.469446951953614e-18,0.0
2024-04,"Repair, maintenance and personal services",financement,25.708324766316675,-21.422309680426896,-0.08492911668484188,-4.002763152358113,21.70556161395856,8.835920390389134,2.909524263514158,11755.0,35.328945391157994,-6.938893903907228e-18,0.0
2024-04,Telecommunications [517],financement,6.07255221937171,4.113199393753369,2.224696161328223,4.35896470984073,10.431633891253684,12.764161386733406,0.47575019113149847,2555.0,1.4551605517649873,2.9240510310973855e-07,1.0
2024-04,"Total, non-financial industries",financement,11.869379684632758,13.192326173362833,0.08470351386560053,-0.11205821625159551,11.757317841240273,7.879615592559845,1.5063399407250475,1234860.0,26.06390242594849,-9.067852226041229e-09,-1.0
2024-04,"Transportation, postal and couriers services, and support activities for transportation",financement,13.718703662151444,7.519521543080857,0.21848182181382342,1.3544086031302203,15.073112265281663,8.678795416483274,1.580715180368935,38807.0,16.223323091072512,0.0,0.0
2024-04,Utilities [22],financement,6.54867974907286,4.009393444835753,0.3360512589200005,0.853330359297195,7.402010108370054,18.32599166504718,0.3573438135717934,8777.0,6.396577608698821,-3.469446951953614e-18,0.0
2024-04,Warehousing [493],financement,8.244719073748872,2.2333456246459185,0.9395156526875369,5.64777944958249,13.892498523331366,8.679263769736407,0.9499330003654526,3233.0,18.31935630099728,6.938893903907228e-18,0.0
2024-04,Wood product and paper manufacturing,financement,10.455009001433762,-0.22749295767070882,-0.24277933118908698,-2.593490681057495,7.861518320376266,5.7436347527810945,1.8202774813233724,8249.0,20.20328190056331,0.0,0.0
2024-07,"Administrative and support, waste management and remediation services [56]",financement,24.834526544163644,-2.6943730069448484,-0.4159754061431638,-11.451345171446716,13.383510455039355,8.33015036098944,2.981281905842314,33802.0,34.49817313384091,8.22705806063917e-07,1.0
2024-07,"Aerospace, rail and ship products and other transportation equipment manufacturing",financement,9.129248184572916,4.087434230197655,-0.41418058870326174,-2.0882214717554657,7.040572792362769,2.4324152538097867,3.75316187080893,6349.0,11.373040752351097,-1.134801136701974e-06,-1.0
2024-07,"Agriculture, forestry, fishing and hunting [11]",financement,8.501972259731925,5.075156562155813,0.6487406917935293,2.2231147862944534,10.725087046026381,13.220663325903415,0.6430821245613224,46868.0,25.746555626359623,6.938893903907228e-18,0.0
2024-07,"Alcohol beverage, tobacco and cannabis product manufacturing",financement,8.345358345358346,1.6899338721528288,-0.39563953488372094,-2.633149043032765,5.712209302325581,8.57849196538937,0.9728234728234728,9195.0,50.070790677412326,0.0,0.0
2024-07,"Arts, entertainment and recreation, and accommodation and food services",financement,20.221541023262088,9.748812739891104,0.40213140622498683,4.211412951604166,24.433416424634665,8.531675772214735,2.370172233820459,41306.0,36.57307797876768,1.1561244210311905e-06,1.0
2024-07,"Basic chemical manufacturing and resin, synthetic rubber, and artificial and synthetic fibres and filaments manufacturing",financement,10.827437711473392,-15.692307692307692,-0.05403832564326391,-1.4330826381059736,9.39435507336742,9.46236559139785,1.1442633035988927,2346.0,9.830295411690761,0.0,0.0
2024-07,Building material and supplies merchant wholesalers [416],financement,15.60637451656758,-24.821932771635513,-0.02652120326836171,-1.0722073553862235,14.534167161181358,5.226140678040328,2.9862140110663042,12695.0,29.136352160840925,0.0,0.0
2024-07,"Clothing, sporting goods, and general merchandise stores",financement,19.66020908171598,5.844493866310523,0.23074910613063573,3.1879639365102324,22.848173018226213,4.558562937079808,4.312808521693946,19887.0,26.27288820778397,0.0,0.0
2024-07,"Clothing, textile, leather and furniture manufacturing, and other manufacturing",financement,20.88328556619306,-2.231672345495658,-0.6148158152412466,-14.211441692742003,6.671843873451058,3.6887854846266945,5.661290322580645,12206.0,16.910267244842824,0.0,0.0
2024-07,Computer and electronic equipment manufacturing [334],financement,13.038404696831662,-4.867534735376145,-0.359435727652224,-6.436034369112263,6.6023703277194,9.203823112452554,1.416629213483146,6982.0,36.24000830478563,0.0,0.0
2024-07,Construction [23],financement,15.285632025862705,-1.055341473023277,0.26765907911247283,4.373809918513145,19.659441944375853,6.983557197605959,2.188803154802368,147792.0,33.49477267421964,6.938893903907228e-18,0.0
2024-07,"Educational, health care and social assistance services",financement,63.34766725120933,0.07560877068395642,-0.6168016876400874,-39.02631245125035,24.32135479995898,25.621854993250682,2.472407531300774,26883.0,33.77006758284551,6.938893903907228e-18,0.0
2024-07,Food and beverage stores [445],financement,13.62767034677354,6.371126178260974,0.6234613823887462,4.524175058665839,18.152306235628295,3.1880503905420308,4.274609456363257,5637.0,9.845600307402103,1.152075472292402e-06,1.0
2024-07,Food and soft drink and ice manufacturing,financement,14.415802689018035,-12.948150286908197,-0.10415633240216171,-2.8501289819976945,11.565673707020338,4.921369046179763,2.9292261063429845,30643.0,31.254334788462323,-3.469446951953614e-18,0.0
2024-07,"Machinery, equipment and supplies merchant wholesalers [417]",financement,16.895867734277623,-6.18198007892535,-0.15043735074257775,-3.4717702858586463,13.424336201902015,5.0681196611331485,3.333754698779149,27694.0,29.142069429975482,5.968837075986944e-07,1.0
2024-07,Mining and quarrying (except oil and gas) and support activities,financement,1.6137476379111608,-0.35551476203619575,-0.32759003662876035,-0.6451107417303951,0.9686368961807656,3.2123890198895313,0.5023512494656251,40839.0,29.586188909978702,-4.336808689942018e-19,0.0
2024-07,Motor vehicle and motor vehicle parts and accessories merchant wholesalers [415],financement,21.88581548170189,-1.9142148174406237,-0.1125285210537233,-2.6781822105963107,19.20763327110558,3.658609890539249,5.982003038448054,5634.0,14.31147915767013,0.0,0.0
2024-07,Motor vehicle and parts dealers [441],financement,13.609355754700717,5.403984775019293,0.8413821815154038,6.903852935027542,20.51320868972826,2.826017863992548,4.815735925842189,13728.0,20.956858913687295,0.0,0.0
2024-07,Motor vehicle and trailer manufacturing,financement,-44.905660377358494,2.263012320844858,-0.555679754086908,26.210676445543484,-18.694983931815006,-2.5916515426497275,17.32704402515723,1645.0,4.756259758283699,0.0,0.0
2024-07,Motor vehicle parts manufacturing [3363],financement,16.21570776850415,-8.39157419137612,-0.2778037747621276,-6.835995815090744,9.379711953413402,6.2392293879369145,2.598992080633549,4251.0,19.600700848395427,-3.469446951953614e-18,0.0
2024-07,Non-metallic mineral product manufacturing [327],financement,21.71025208060217,-12.31921922886788,-0.17373172407025808,-5.911998719793615,15.798253360808555,11.931286884526209,1.8196069117035805,6286.0,28.61565074885055,0.0,0.0
2024-07,Oil and gas extraction and support services,financement,10.86714007327729,13.97096547627443,0.13837218078646366,-0.4294830897931389,10.437694265855182,15.752301978727967,0.6898763169949611,81609.0,26.754417598269022,9.320592757669499e-08,1.0
2024-07,Other retailers,financement,13.305214811802355,10.85995954760574,0.19469721300360418,0.4760843850214725,13.781536594939872,3.5613932049739914,3.7359578249376484,26645.0,25.659421615739447,5.934952901145985e-07,1.0
2024-07,Other wholesalers,financement,12.588821145566456,27.418462573325314,-0.01768908842419822,0.26232283851477955,12.851143984081236,2.902638641306311,4.337026650999503,71676.0,28.823162762642003,0.0,0.0
2024-07,Petroleum and coal product manufacturing [324],financement,12.65171550975325,4.440244536946263,0.1970882700126787,1.6183846082898568,14.270100118043109,7.4228421944450025,1.7044300792520362,9936.0,10.264038676087765,0.0,0.0
2024-07,"Pharmaceutical and medecine manufacturing, and soap, agricultural chemicals, paint and other chemical product manufacturing",financement,13.55234855144118,1.979811465429148,-0.7821850868725869,-9.051865925958554,4.500482625482626,7.6856600086355735,1.763329178784102,12934.0,20.78886460074579,0.0,0.0
2024-07,Pipelines [486],financement,3.551082428837682,2.3716759332107276,0.7345559653144623,0.8663400768934046,4.417422505731087,11.31845737959275,0.31374261613073756,10428.0,7.55351128173554,3.469446951953614e-18,0.0
2024-07,Plastics and rubber products manufacturing [326],financement,14.425993858101613,-7.299824059060953,-0.03271482115589283,-0.7107562476254654,13.715237610476146,7.141932919897596,2.0199004975124377,8403.0,36.61597455226807,0.0,0.0
2024-07,Primary metal and fabricated metal product and machinery manufacturing,financement,11.970959617891284,32.84943195956982,0.0527397429866046,-1.1011252652530585,10.869834352638225,6.219989368845429,1.924594867935179,42121.0,34.89610949098621,-3.469446951953614e-18,0.0
2024-07,"Professional, scientific and technical services [54]",financement,31.77490742014929,5.455391125478486,-0.637895456444405,-16.78909986018499,14.985673473349284,9.63387672749304,3.29824724967369,84586.0,34.308961556246,-3.3521653754198244e-07,-1.0
2024-07,"Publishing, motion picture and sound recording, broadcasting, and information services",financement,6.226059705101835,-17.698812854138797,-0.12091075257984198,-2.892774346514595,3.3332853585872395,4.439294531980996,1.4024885396201703,43966.0,35.260810984216604,-1.734723475976807e-18,0.0
2024-07,Real estate [531],financement,7.010263284901649,3.665966461322924,0.7301331199662364,2.441781873892709,9.452045158794359,41.278990393064156,0.1698264230338235,265710.0,32.04286370658186,0.0,0.0
2024-07,"Rental and leasing of automotive, machinery and equipment, and other goods",financement,11.089063186228213,24.753372297961597,0.17897881111673974,-2.445621799549675,8.643247681101194,21.911905743205136,0.5060747940496652,17514.0,26.94295735647037,-4.842639433622065e-07,-1.0
2024-07,"Repair, maintenance and personal services",financement,24.739594729632135,-30.338917023763152,-0.05836158434536326,-3.2144692093128606,21.52512552031927,9.144615038614614,2.7053730118944537,11502.0,35.190454336851765,0.0,0.0
2024-07,Telecommunications [517],financement,1.2123816686363693,2.728956038701938,2.1908961051328446,-3.3226568805209515,-2.1102752118845824,2.5146082994949,0.48213539614893336,2497.0,1.4205983922262488,0.0,0.0
2024-07,"Total, non-financial industries",financement,11.621595082289996,13.731145770853134,0.08040898869113886,-0.1696268374600575,11.45197173595795,7.7724238452936065,1.4952343456317245,1250617.0,26.032480000266442,8.72782002225847e-09,1.0
2024-07,"Transportation, postal and couriers services, and support activities for transportation",financement,18.216367511491153,18.932197838191943,0.18594877729390627,-0.13310777399990872,18.083259737491243,11.544532864651988,1.5779215776904707,37617.0,15.75746151429469,-6.938893903907228e-18,0.0
2024-07,Utilities [22],financement,6.248958517982752,0.917068550631806,0.35316057881589097,1.8830133470523018,8.131971865035053,17.017278959231824,0.3672125568931048,8773.0,6.34602586730708,0.0,0.0
2024-07,Warehousing [493],financement,8.94330821054689,3.041939725356811,0.8557647605764761,5.05018318880225,13.99349139934914,8.70293772536581,1.0276194651468653,3255.0,17.698874449458973,0.0,0.0
2024-07,Wood product and paper manufacturing,financement,8.037507727368647,2.7489482045355653,-0.2334015748031496,-1.2343581210694348,6.803149606299212,4.6223930657882235,1.7388196142073584,8776.0,20.668378041025882,0.0,0.0
2024-10,"Administrative and support, waste management and remediation services [56]",financement,35.568044450129044,-2.0205905997130453,-0.42975810132359654,-16.15402043036573,19.414487839864382,11.406836397401971,3.1181340041161674,31811.0,32.68533264834318,1.159550252663455e-06,1.0
2024-10,"Aerospace, rail and ship products and other transportation equipment manufacturing",financement,18.968600832008303,-5.724127171753593,-0.45716804623597984,-11.288726217716292,7.679874614292012,3.994015560094765,4.749255616710277,6360.0,10.973274211080247,3.469446951953614e-18,0.0
2024-10,"Agriculture, forestry, fishing and hunting [11]",financement,7.9705900836990775,4.86139841741126,0.6435892349401574,2.0010422857884897,9.971566488130662,12.864257056372441,0.6195919475777859,47809.0,25.92496190615629,-1.6470339226498654e-07,-1.0
2024-10,"Alcohol beverage, tobacco and cannabis product manufacturing",financement,5.003121940072782,1.070050322620481,-0.3936686807280276,-1.548327114851297,3.4547948252214846,5.157301838528516,0.9701045423977502,9453.0,51.86546691539559,-1.734723475976807e-18,0.0
2024-10,"Arts, entertainment and recreation, and accommodation and food services",financement,19.54078043716712,8.851992555346358,0.4278666636493245,4.573376009449979,24.11459865577406,8.3184767456749,2.3490815728164574,42435.0,36.698318804483186,1.1055228924111704e-06,1.0
2024-10,"Basic chemical manufacturing and resin, synthetic rubber, and artificial and synthetic fibres and filaments manufacturing",financement,10.397791619902128,-16.275048910916915,-0.054180786507999054,-1.4451554783622107,8.952636141539916,9.476693205213806,1.097196183810357,2329.0,10.025397098704318,-3.469446951953614e-18,0.0
2024-10,Building material and supplies merchant wholesalers [416],financement,13.758845557487495,-35.203213808668046,-0.043748417830759674,-2.1420126310050325,11.617149563896625,4.746781155144946,2.8985632806295576,13606.0,30.984696666059392,7.915935354048387e-07,1.0
2024-10,"Clothing, sporting goods, and general merchandise stores",financement,25.25552338123058,20.420273052374455,0.11230818507410535,0.5430381888128027,25.79856157004339,4.92285276341495,5.130261780104712,19134.0,25.415758992614634,0.0,0.0
2024-10,"Clothing, textile, leather and furniture manufacturing, and other manufacturing",financement,15.387646967198588,-2.1085041626970953,-0.4993617648021471,-8.736908905469788,6.6507380617287986,3.522018435540036,4.368985355648536,12645.0,18.44477507439174,0.0,0.0
2024-10,Computer and electronic equipment manufacturing [334],financement,15.176674675547558,-3.386666845713289,-0.40857156181504456,-7.584453437847609,7.592221237699949,9.181004972109049,1.6530515691531305,6913.0,34.070970921636274,0.0,0.0
2024-10,Construction [23],financement,16.19243065609975,-2.4191965251499417,0.2662883828366266,4.956060104053183,21.148409450400464,7.401484187205989,2.1877275214732683,149904.0,33.166729723809716,-2.0327438117473395e-07,-1.0
2024-10,"Educational, health care and social assistance services",financement,58.62712671769579,0.07590352235853208,-0.6152222444832423,-36.02201495147466,22.60511176622113,24.273742987712435,2.4152487215248724,26524.0,31.555904537559186,6.938893903907228e-18,0.0
2024-10,Food and beverage stores [445],financement,12.764015417543023,5.753147720720559,0.6450251527735575,4.52218600721811,17.28620142476113,3.2761968055522175,3.8959855512683688,5605.0,9.479594770578585,0.0,0.0
2024-10,Food and soft drink and ice manufacturing,financement,15.057255078597448,-12.555930682692718,-0.08994729203269422,-2.4837312836238,12.573523794973646,5.240873214294457,2.873043186301255,31775.0,32.1378361703634,-6.938893903907228e-18,0.0
2024-10,"Machinery, equipment and supplies merchant wholesalers [417]",financement,19.483890118600396,-5.853998270638782,-0.14981942022218867,-3.7961077481303396,15.687782370470057,5.565811160222348,3.500638012631035,27164.0,28.293180847628868,0.0,0.0
2024-10,Mining and quarrying (except oil and gas) and support activities,financement,4.61327255184081,-2.110719384956465,-0.3356378815549178,-2.256826409258986,2.3564461425818233,9.28222090918951,0.49700094373681775,39776.0,28.818802935785133,0.0,0.0
2024-10,Motor vehicle and motor vehicle parts and accessories merchant wholesalers [415],financement,20.227237731071654,-5.950857926618614,-0.06669539404385713,-1.745958405207438,18.481279325864218,3.646237562807758,5.547427281588263,7032.0,17.28146273131651,0.0,0.0
2024-10,Motor vehicle and parts dealers [441],financement,15.052736489783971,5.94677217854867,0.7781747912640828,7.086031877153719,22.13876836693769,3.1313852525454884,4.807053516506048,14092.0,21.459135969787877,0.0,0.0
2024-10,Motor vehicle and trailer manufacturing,financement,140.1693629435727,0.48943066441526256,-0.5830755763058069,-81.4439570120258,58.733586227020716,8.759665694922043,16.001679496151155,1826.0,5.768441004580635,2.045073868450764e-05,1.0
2024-10,Motor vehicle parts manufacturing [3363],financement,16.532012253937385,-7.737350816346704,-0.2642209398186315,-6.41247391923005,10.119538334707338,6.4572520510455655,2.560224089635854,4353.0,20.290868410012585,0.0,0.0
2024-10,Non-metallic mineral product manufacturing [327],financement,10.229504079414218,2.4578621968712016,-0.2078440694081293,-1.6152896748503949,8.614214404563821,6.381185477511197,1.6030726759887175,5902.0,27.646617950159264,0.0,0.0
2024-10,Oil and gas extraction and support services,financement,5.878319026637615,7.609889412341109,0.16669514579032985,-0.2886443778910616,5.589654559621614,8.788440142354352,0.6688694388789296,80978.0,25.349273279928877,-5.0222812346401025e-08,-1.0
2024-10,Other retailers,financement,13.969207674653402,12.515485581527933,0.22110935713896904,0.32143155746968916,14.290639232123093,3.7135746626447697,3.761660648746638,26518.0,25.241535547369523,0.0,0.0
2024-10,Other wholesalers,financement,12.594470815399058,2.116222776870487,-0.029448390530321476,-0.3085675403121644,12.285815657110259,2.7720242534259114,4.54342013776889,74106.0,29.36053882725832,-2.190449415878648e-07,-1.0
2024-10,Petroleum and coal product manufacturing [324],financement,10.16417421461352,3.620124133010926,0.2110034732625365,1.380817296422133,11.544991511035652,6.077609474386357,1.6723967305648206,10174.0,10.247680825132704,-3.469446951953614e-18,0.0
2024-10,"Pharmaceutical and medecine manufacturing, and soap, agricultural chemicals, paint and other chemical product manufacturing",financement,23.19790333402157,1.3976286225283983,-0.7870237988860096,-17.157335020197966,6.040568313823608,11.41574730310308,2.032096779832873,12844.0,20.720473647700324,1.734723475976807e-18,0.0
2024-10,Pipelines [486],financement,6.47694998278778,4.672380303886909,0.788686825967435,1.4232403322894014,7.900190315077182,18.49398353342121,0.35021930083819025,9996.0,7.077966677759918,0.0,0.0
2024-10,Plastics and rubber products manufacturing [326],financement,15.825988998619204,-20.291569627891285,-0.06396607722843739,-2.310298544405985,13.514976542764344,8.137724170607402,1.9447684225745818,8780.0,37.05735871354408,-1.7847786221852902e-06,-1.0
2024-10,Primary metal and fabricated metal product and machinery manufacturing,financement,11.484229763920553,31.257709482629426,0.04864117149023957,-0.9618052179564924,10.522424545964059,6.1908452073196845,1.8550342286611021,40812.0,34.00716606949421,-3.469446951953614e-18,0.0
2024-10,"Professional, scientific and technical services [54]",financement,35.216817252134405,5.394329625605227,-0.6415127396505982,-19.1315057404908,16.085164605963527,10.527583604184956,3.345194735678462,85615.0,33.758393760523006,-3.672642002044979e-07,-1.0
2024-10,"Publishing, motion picture and sound recording, broadcasting, and information services",financement,9.242943537034467,-19.43544664902018,-0.12736885878928295,-3.6527338299115515,5.590209707122913,5.882055177865838,1.571379944175914,44633.0,34.35924280798454,-3.469446951953614e-18,0.0
2024-10,Real estate [531],financement,7.579731956714126,4.059473402950774,0.705940204563336,2.4850920435595345,10.064824000273664,43.67283876818628,0.17355711628793005,258897.0,31.095563816307045,3.469446951953614e-18,0.0
2024-10,"Rental and leasing of automotive, machinery and equipment, and other goods",financement,14.344571445322979,30.73736800180569,0.15177107655621244,-2.487952381144354,11.856856608210377,24.656681932991035,0.5817721737380127,17207.0,26.502071557287415,5.938600793793658e-07,1.0
2024-10,"Repair, maintenance and personal services",financement,22.52185767420392,-15.6286056038361,-0.09207493399270776,-3.5127013881167555,19.010100163446626,8.38550983899821,2.6858066005077315,11604.0,35.755222776853394,2.3596933986583246e-06,1.0
2024-10,Telecommunications [517],financement,6.428249289698856,4.011708617946462,2.2814523048124173,5.513222285242449,11.941346228843305,12.522896968385025,0.5133196660427252,2389.0,1.3219637442174461,-3.1336524499922525e-07,-1.0
2024-10,"Total, non-financial industries",financement,11.879724675660349,14.117803853771926,0.07906147848128842,-0.1769458487796882,11.70277882688066,7.886024814034677,1.5064275038189234,1248092.0,25.584951253805944,0.0,0.0
2024-10,"Transportation, postal and couriers services, and support activities for transportation",financement,5.816157045524859,4.435671912110795,0.22466725820763087,0.31014980992053337,6.126306855445391,3.7525523346266874,1.5499203014055933,35662.0,14.883662694851944,-1.734723475976807e-18,0.0
2024-10,Utilities [22],financement,7.645907789834565,3.187851388164377,0.38697739099228423,1.72516703521478,9.371074825049346,18.167845066092838,0.42084835939647786,9182.0,6.340897476623897,3.469446951953614e-18,0.0
2024-10,Warehousing [493],financement,8.921149348042952,1.8586514063291175,0.8594040968342644,6.06953966499243,14.990689013035382,8.352337200207115,1.0681021532298447,3382.0,17.968334927212837,6.938893903907228e-18,0.0
2024-10,Wood product and paper manufacturing,financement,9.720863164273466,2.839209608438781,-0.2351125663883188,-1.6179632285075924,8.102899935765874,5.555721827661538,1.7497030027446643,8863.0,20.144555310589357,0.0,0.0
2025-01,"Administrative and support, waste management and remediation services [56]",financement,36.567693442308276,-1.3926614502270644,-0.4154691075514874,-15.771354769539395,20.79633867276888,11.8983945165235,3.0733300523466514,30851.0,31.80548253074774,0.0,0.0
2025-01,"Aerospace, rail and ship products and other transportation equipment manufacturing",financement,16.035347458198164,-2.5641445337087094,-0.5188132799623264,-9.649663445954229,6.385684012243936,3.2445382243142347,4.9422587590526526,7156.0,11.586599957902235,0.0,0.0
2025-01,"Agriculture, forestry, fishing and hunting [11]",financement,7.041950066179776,4.42067547784772,0.6404046997389033,1.6786765656740084,8.720626631853785,11.721502656852826,0.6007719549560304,48669.0,26.280292885221822,0.0,0.0
2025-01,"Alcohol beverage, tobacco and cannabis product manufacturing",financement,-65.1508970707726,-0.172233399206108,-0.4307795433933993,27.991479066750678,-37.15941800402192,-64.79184004640902,1.0055417013022998,9889.0,44.2183866928993,1.3877787807814457e-17,0.0
2025-01,"Arts, entertainment and recreation, and accommodation and food services",financement,19.12068726897371,7.3218006104357665,0.49115168539325843,5.795043068104942,24.91573033707865,8.075810351191874,2.3676493673668015,43071.0,35.26334318533498,0.0,0.0
2025-01,"Basic chemical manufacturing and resin, synthetic rubber, and artificial and synthetic fibres and filaments manufacturing",financement,8.667713110837747,21.5567612687813,-0.03274215552523874,0.4220152193596799,9.089358799454297,8.053915766119593,1.076211045973465,2721.0,11.474234629332884,-9.238268578216913e-07,-1.0
2025-01,Building material and supplies merchant wholesalers [416],financement,12.651679883403569,-50.19419229553358,-0.021172816553292943,-1.330624122776333,11.321332487587217,4.7792482201276,2.647211297819092,12774.0,28.646393972012916,6.91817399953859e-07,1.0
2025-01,"Clothing, sporting goods, and general merchandise stores",financement,15.845389960055781,4.7221594372641285,0.20714929757715017,2.3041693895850077,18.14955934964079,4.079699369166699,3.8839601956485073,18259.0,26.547347300774945,6.938893903907228e-18,0.0
2025-01,"Clothing, textile, leather and furniture manufacturing, and other manufacturing",financement,10.785035741220849,1.0280394510485062,-0.45002279288861874,-4.39087072070725,6.3941650205136,2.846636599511022,3.7886942587169146,13200.0,19.63847355501004,-3.469446951953614e-18,0.0
2025-01,Computer and electronic equipment manufacturing [334],financement,17.840694886172866,-4.79610063104377,-0.414581811541271,-9.384803693016995,8.45507669831994,11.458294421484094,1.5570113866791453,6924.0,35.97256857855361,-2.0362370898203974e-06,-1.0
2025-01,Construction [23],financement,14.380175455217731,-5.925585068891565,0.2843881856540084,5.77471839377623,20.154967395473726,6.707929657711667,2.1437576404346737,150575.0,33.128063644604026,1.8386619941163085e-07,1.0
2025-01,"Educational, health care and social assistance services",financement,56.653517786902086,0.08506211416908431,-0.6059453065994044,-34.27739021646901,22.37612757043307,24.3333810786489,2.328222190076667,26178.0,30.571061543851453,-6.938893903907228e-18,0.0
2025-01,Food and beverage stores [445],financement,11.905865529065816,5.577207705213323,0.6661469563775088,4.215816147314046,16.122076629623486,3.2708114070513745,3.6400342445298346,5335.0,9.199703402252073,9.8738310905927e-07,1.0
2025-01,Food and soft drink and ice manufacturing,financement,14.662025183494935,-11.629644015785821,-0.10204389661027609,-2.6829043734829856,11.979120810011949,5.315293105742441,2.7584603316898253,30470.0,31.556489948942076,3.469446951953614e-18,0.0
2025-01,"Machinery, equipment and supplies merchant wholesalers [417]",financement,14.976249389848636,-3.7050829522612663,-0.08120678132544089,-1.5170508703736052,13.458994257968603,4.7997072386092885,3.1202422658986997,29848.0,29.13904698681089,-5.10653766071234e-07,-1.0
2025-01,Mining and quarrying (except oil and gas) and support activities,financement,3.7923765878606908,-2.333282648228684,-0.32889330932866667,-2.0146883379771463,1.777688249883544,7.920563347930338,0.4788013707196278,42900.0,29.746014796735565,-8.673617379884035e-19,0.0
2025-01,Motor vehicle and motor vehicle parts and accessories merchant wholesalers [415],financement,18.18921267088155,40.49377359309238,-0.017492979791004927,0.3901732334594722,18.57938590434102,3.602029821431719,5.049711849318277,6875.0,16.324737616944486,-6.938893903907228e-18,0.0
2025-01,Motor vehicle and parts dealers [441],financement,12.417615895023888,4.686969070096971,0.8268861656577587,6.392364911118147,18.809980806142036,2.694326727288444,4.608801066795976,14996.0,21.878556213708382,0.0,0.0
2025-01,Motor vehicle and trailer manufacturing,financement,44.12367120743206,-1.8580220400061027,-0.4757891346360318,-21.87759003929807,22.24608116813399,3.6426536923047417,12.113056835637481,1524.0,4.447816950735466,-6.938893903907228e-18,0.0
2025-01,Motor vehicle parts manufacturing [3363],financement,14.251757745545191,-6.3820123983272286,-0.2779245858318935,-5.734632021386233,8.51712572415896,5.862861198797094,2.4308536842846085,4430.0,20.888344021124105,3.469446951953614e-18,0.0
2025-01,Non-metallic mineral product manufacturing [327],financement,1.7579895576338285,-3.3386159535129427,-0.17846705006128027,-0.9095761509004276,0.8484962760441217,1.4477414477414476,1.2142980090653508,5735.0,27.49149129955419,2.071732768025268e-07,1.0
2025-01,Oil and gas extraction and support services,financement,12.046939775344526,11.515514142576558,0.1427093894381579,0.0758394275841034,12.122779202928628,16.63800518201469,0.7240615472560976,76098.0,24.49629970610106,-3.469446951953614e-18,0.0
2025-01,Other retailers,financement,12.350513512341212,11.138994589272604,0.21353054344564662,0.25869629403752414,12.609209806378734,3.4214919436427,3.609686568249582,25858.0,25.04285506755121,0.0,0.0
2025-01,Other wholesalers,financement,11.858753824261626,7.39838568597274,-0.033132223496596516,-0.14778191403488544,11.710971910226741,2.708230871582543,4.378782454884289,76491.0,30.179798067476554,0.0,0.0
2025-01,Petroleum and coal product manufacturing [324],financement,15.017662010179336,1.892167982134472,0.20286375343781377,2.6626869842547904,17.680185096258786,9.214235873630063,1.6298325999183414,9708.0,9.771416493039828,-4.097454383497623e-07,-1.0
2025-01,"Pharmaceutical and medecine manufacturing, and soap, agricultural chemicals, paint and other chemical product manufacturing",financement,13.226291919300035,0.12842163443767432,-0.7509278503562945,-9.835555577257278,3.390736342042756,9.07434827333182,1.4575473103859335,15765.0,25.185717709082194,-1.734723475976807e-18,0.0
2025-01,Pipelines [486],financement,6.954911939143747,5.715628644755906,0.670203726757168,0.8305722824066317,7.785484221550379,18.405039973205575,0.37788083857839194,10567.0,7.70459052729818,0.0,0.0
2025-01,Plastics and rubber products manufacturing [326],financement,15.156294332763634,-28.264293103182077,-0.024279890695695024,-1.0542471168876306,14.102047215876002,8.24556016739746,1.8381157889904045,9150.0,36.56635894976621,-6.938893903907228e-18,0.0
2025-01,Primary metal and fabricated metal product and machinery manufacturing,financement,13.030429856501236,24.045869649226052,0.08695803992317988,-0.9578810532671489,12.072397136704883,7.261634951837824,1.7944209455480002,42542.0,34.311108243473214,-3.791663230126585e-07,-1.0
2025-01,"Professional, scientific and technical services [54]",financement,36.45028553344172,5.234946265644027,-0.6489929033170545,-20.258533659434885,16.191751874006837,10.543966723729218,3.456980327091728,85303.0,33.69622323259057,0.0,0.0
2025-01,"Publishing, motion picture and sound recording, broadcasting, and information services",financement,7.799636581413048,-3.693941297060308,-0.1727658805457667,-1.9856981027957947,5.813938478617253,3.9040217314410084,1.997846609971132,44373.0,32.71693689309651,0.0,0.0
2025-01,Real estate [531],financement,7.271855626115579,3.782455746991329,0.6931436333738471,2.418655310510446,9.690510936626026,45.15261797002338,0.1610505869436703,258248.0,30.675665723523696,0.0,0.0
2025-01,"Rental and leasing of automotive, machinery and equipment, and other goods",financement,12.234508869755954,16.8081146305959,0.1880974110187809,-0.8602834026345754,11.374225467121377,22.696543267006014,0.5390472340138804,16536.0,24.548329151883138,-3.469446951953614e-18,0.0
2025-01,"Repair, maintenance and personal services",financement,22.880554853436657,-13.90488113007252,-0.09731652117685095,-3.5798306598888656,19.30164888457808,8.941895054958614,2.5588037784841293,11725.0,35.86504343570292,2.311727575719791e-06,1.0
2025-01,Telecommunications [517],financement,5.893483668855231,3.7671210352154727,2.1378014696355527,4.545741163173198,10.43922483202843,12.562854748596115,0.4691197810365372,2289.0,1.277600410796812,0.0,0.0
2025-01,"Total, non-financial industries",financement,11.497336060697808,11.762036153204388,0.0807677183685897,-0.02137922252371097,11.475956838174097,7.843975295102888,1.4657537317686056,1254289.0,25.513197494994138,-3.469446951953614e-18,0.0
2025-01,"Transportation, postal and couriers services, and support activities for transportation",financement,8.032657534412193,6.118258362819873,0.20449675523448022,0.3914884188142062,8.424145953226398,5.054661287886299,1.5891584177287572,33702.0,14.049173357344738,0.0,0.0
2025-01,Utilities [22],financement,8.791273811175532,2.6244929980829754,0.35615949087603094,2.196357514735121,10.987726475745179,19.651137988581358,0.44736716093917095,9504.0,6.405219067388242,2.3787458631324698e-07,1.0
2025-01,Warehousing [493],financement,8.290616649934703,2.317064364850597,0.8536787319612018,5.09949454003454,13.390111189969245,7.885545855858628,1.0513687703401187,3377.0,17.734481672093267,0.0,0.0
2025-01,Wood product and paper manufacturing,financement,8.715680138938717,-0.8788907008433494,-0.18793905523119672,-1.8031945789774313,6.912485559961285,5.376653919968848,1.6210230877179492,10673.0,24.679739166628128,-3.469446951953614e-18,0.0
2025-04,"Administrative and support, waste management and remediation services [56]",financement,35.243564990748176,-2.17061877923041,-0.3912943226070916,-14.639957694171013,20.603607296577163,11.90400984639598,2.960646491855718,31544.0,31.818594470278505,0.0,0.0
2025-04,"Aerospace, rail and ship products and other transportation equipment manufacturing",financement,17.522713128457905,-3.922607153461572,-0.525931741560061,-11.278774644183207,6.243938484274696,3.569145373911032,4.909498295177789,7228.0,11.70659022075377,-1.734723475976807e-18,0.0
2025-04,"Agriculture, forestry, fishing and hunting [11]",financement,7.83321468481914,4.203293076388472,0.6188432174725381,2.2463523673343255,10.079567052153465,12.628269359272096,0.6202920180086063,48791.0,26.41577875952876,-3.469446951953614e-18,0.0
2025-04,"Alcohol beverage, tobacco and cannabis product manufacturing",financement,9.407255554099219,0.3963980974932637,-0.44524830945975424,-4.012069049336622,5.395186504762598,8.172700552265999,1.1510583917687922,9738.0,43.21469779000621,0.0,0.0
2025-04,"Arts, entertainment and recreation, and accommodation and food services",financement,21.536451213389707,8.08565026636961,0.5612124779281931,7.548757329596034,29.085736707867373,8.946959153586546,2.4071252415136426,45097.0,36.321681701030926,1.3204122040755273e-06,1.0
2025-04,"Basic chemical manufacturing and resin, synthetic rubber, and artificial and synthetic fibres and filaments manufacturing",financement,9.086761921156826,16.508875739644967,0.04563045630456305,-0.33867444028201676,8.748087480874808,8.822497075045964,1.0299535203993804,4482.0,17.920115149334293,-3.469446951953614e-18,0.0
2025-04,Building material and supplies merchant wholesalers [416],financement,15.584624729294836,31.943780856824333,0.030698046892378875,-0.5021941419226478,15.08208390799484,5.442449407446845,2.863531392312175,12777.0,26.85484887973433,-8.66698443367786e-07,-1.0
2025-04,"Clothing, sporting goods, and general merchandise stores",financement,20.880240892408462,5.284364029165542,0.16118354776501742,2.5137987633238454,23.394640647036812,4.7442691966846535,4.401150109062066,18272.0,25.700822842675294,1.5024782612574339e-06,1.0
2025-04,"Clothing, textile, leather and furniture manufacturing, and other manufacturing",financement,13.316281161324614,-0.7447030534004809,-0.46202883293856184,-6.496580126696975,6.819311635523584,3.454121661643085,3.8551859099804306,13253.0,18.603051613537147,-9.734977601365269e-07,-1.0
2025-04,Computer and electronic equipment manufacturing [334],financement,16.524919367224694,-3.2507653313143945,-0.39319662031332514,-7.775732387847508,8.74845977820806,11.114418938307029,1.4868001160429358,7079.0,36.92556465494758,-1.818002922811951e-06,-1.0
2025-04,Construction [23],financement,15.316722706541974,-1.7191372166159582,0.2593672089855296,4.418543440937912,19.735266147479887,6.770898825339451,2.2621402418864367,147093.0,32.12079390833237,6.938893903907228e-18,0.0
2025-04,"Educational, health care and social assistance services",financement,55.345818187813734,-0.04184943682245885,-0.6072685070290945,-33.635186226236534,21.710631961577203,23.487835591204867,2.356360932998792,26763.0,31.31347404876679,1.3877787807814457e-17,0.0
2025-04,Food and beverage stores [445],financement,14.512401198228671,6.361619575976905,0.632346414759399,5.154117536317703,19.666518734546376,4.016454838770221,3.6132364935720664,5043.0,8.691980213378375,0.0,0.0
2025-04,Food and soft drink and ice manufacturing,financement,14.189183267049513,-9.275804308900826,-0.06713862725267762,-1.5754070543504413,12.61377621269907,5.168571491236124,2.7452814169464075,29822.0,30.91548054694546,0.0,0.0
2025-04,"Machinery, equipment and supplies merchant wholesalers [417]",financement,15.713250289655495,-12.997755922663432,-0.07786763278773372,-2.2356580887071913,13.477388885294689,5.111561718958665,3.074060561838745,28026.0,27.62924405536496,-5.082891340393858e-07,-1.0
2025-04,Mining and quarrying (except oil and gas) and support activities,financement,3.965883404586935,-2.633274823842041,-0.35324144549606196,-2.3310961916674824,1.6347872129194523,7.739600957451287,0.5124144547489606,43771.0,31.31532820604543,0.0,0.0
2025-04,Motor vehicle and motor vehicle parts and accessories merchant wholesalers [415],financement,27.165391596360127,-8.549101042290449,-0.036426903933400874,-1.300968392378277,25.86442320398185,5.148583540355335,5.27628451270799,6700.0,16.099963955304577,0.0,0.0
2025-04,Motor vehicle and parts dealers [441],financement,17.760728655263982,5.394141462252917,0.8172043010752689,10.106028243750979,27.866756899014966,3.3927495368958254,5.23490710472959,15251.0,21.61484169052411,1.3877787807814457e-17,0.0
2025-04,Motor vehicle and trailer manufacturing,financement,-14.927011305015913,3.2642258491398324,-0.498817316684086,9.074104104399819,-5.852907200616095,-1.169550411062571,12.763033695532872,1552.0,4.58628841607565,-1.734723475976807e-18,0.0
2025-04,Motor vehicle parts manufacturing [3363],financement,13.650261840181537,-4.308898248943913,-0.28639192084055903,-5.143358354607743,8.507599714373152,5.612202152909616,2.432246998284734,3816.0,18.57386225358968,1.74057199839317e-06,1.0
2025-04,Non-metallic mineral product manufacturing [327],financement,13.614110412061443,-11.201645315247426,-0.18410099889012208,-4.56860541761083,9.04550499445061,8.487411660777386,1.604035594853483,5703.0,26.742005064240832,-3.469446951953614e-18,0.0
2025-04,Oil and gas extraction and support services,financement,12.574526119690532,8.93364004293425,0.13273035306260333,0.48325609442857803,13.05778221411911,19.600316407393343,0.6415470984410921,75341.0,24.12811365106612,0.0,0.0
2025-04,Other retailers,financement,13.531585979620338,14.887850093891089,0.17448754870404878,-0.23665120069437107,13.29493477892597,3.7363784867497656,3.621577960478869,24795.0,24.862875650525936,6.938893903907228e-18,0.0
2025-04,Other wholesalers,financement,9.172427241649654,19.4386255205317,-0.04901183591030352,0.5031652254672073,9.675529238214068,2.0319085563443693,4.514192931079474,76186.0,30.438969040037396,-1.5807225698521998e-07,-1.0
2025-04,Petroleum and coal product manufacturing [324],financement,11.188201239609024,2.4558407730079272,0.20491178392507078,1.789363561087994,12.977564800697017,7.467462862838708,1.4982600442897818,10081.0,10.243669471202699,0.0,0.0
2025-04,"Pharmaceutical and medecine manufacturing, and soap, agricultural chemicals, paint and other chemical product manufacturing",financement,22.816180161913863,-0.3795832939281226,-0.7391230266618267,-17.14452289121372,5.671657270700141,15.574780654450585,1.4649439159449098,17138.0,27.43967849880718,5.204170427930421e-18,0.0
2025-04,Pipelines [486],financement,8.283782249379135,5.08747026811567,0.668087224932789,2.1354152015817327,10.419197450960867,23.190991061321675,0.35719828563924405,9896.0,7.275133247564786,0.0,0.0
2025-04,Plastics and rubber products manufacturing [326],financement,16.058198815327028,-19.401840347691728,-0.04648097706704156,-1.6482172671326702,14.40998154819436,8.009908693874284,2.004791743457427,8629.0,35.605529193315455,0.0,0.0
2025-04,Primary metal and fabricated metal product and machinery manufacturing,financement,11.187914810517205,14.152382879372865,0.12381611333552624,-0.36704891439298104,10.820865896124223,6.600653889048412,1.6949706799624542,44053.0,34.838827027711,0.0,0.0
2025-04,"Professional, scientific and technical services [54]",financement,35.30098459946642,5.258584391679369,-0.6383722142306169,-19.17823354144736,16.122751058019055,10.266960293809428,3.43830925505298,86507.0,33.32062244819351,-6.938893903907228e-18,0.0
2025-04,"Publishing, motion picture and sound recording, broadcasting, and information services",financement,8.41396698071917,3.0152680003631622,-0.1822864501359279,-0.9841096724815501,7.42985730823762,3.8542658941014794,2.1830271216097987,43477.0,31.96415180343778,0.0,0.0
2025-04,Real estate [531],financement,7.132250221936373,3.4756467686054595,0.6858297308177903,2.507807362105343,9.640057584041717,41.98448813963988,0.16987822260008503,253696.0,29.84936247015899,0.0,0.0
2025-04,"Rental and leasing of automotive, machinery and equipment, and other goods",financement,11.968342734668667,11.743492421458523,0.17621651426733448,0.039622338425809964,12.008148386405061,21.656665417268623,0.5526401458428283,15964.0,22.8207107527804,4.5828327645963673e-07,1.0
2025-04,"Repair, maintenance and personal services",financement,22.92080708388582,-13.627409776506996,-0.10497131194886211,-3.8365142732269555,19.084292810658862,9.195462563013637,2.4926214344103603,11370.0,34.988921713441655,-6.938893903907228e-18,0.0
2025-04,Telecommunications [517],financement,3.9575443889664155,3.2041841672175546,1.916232049724941,1.4436130019030562,5.401157390869471,7.926059842060037,0.4993079118536938,2292.0,1.2939356645251618,-1.734723475976807e-18,0.0
2025-04,"Total, non-financial industries",financement,12.082226652949867,11.920528288438533,0.07395238778352077,0.011957980156303267,12.094181131605222,8.089939725149293,1.493487845822844,1249437.0,25.29791594999122,-8.753752372275825e-09,-1.0
2025-04,"Transportation, postal and couriers services, and support activities for transportation",financement,13.560023512877276,-2.191262519095326,0.1872566397935193,2.9495328947737853,16.50955640765106,8.50178209273806,1.5949624872719095,34130.0,14.348535297480913,0.0,0.0
2025-04,Utilities [22],financement,5.401894899261503,5.106005720587839,0.3627292426404524,0.10732765768580363,5.509222556947307,16.262322349796662,0.3321724156654075,9232.0,6.213571322806875,1.734723475976807e-18,0.0
2025-04,Warehousing [493],financement,9.901022387168519,1.9951429561002127,0.845789534480767,6.686710083664334,16.587732470832854,8.958575125966352,1.1052005757556793,3292.0,17.209472528621465,0.0,0.0
2025-04,Wood product and paper manufacturing,financement,10.052863535140508,-0.4802898315750213,-0.19025985254586328,-2.0040362063942605,8.048669297156241,6.219527095122904,1.6163388922324253,11558.0,25.699292924800996,-3.9507897501775413e-07,-1.0
2025-07,"Administrative and support, waste management and remediation services [56]",financement,32.46337773624759,-2.39988617042243,-0.37622360092749263,-13.116382687052877,19.34699504919471,11.59126860455698,2.800675132615335,31372.0,30.93001015488667,-6.938893903907228e-18,0.0
2025-07,"Aerospace, rail and ship products and other transportation equipment manufacturing",financement,21.92241738984594,4.123263170339461,-0.46973083729160847,-8.360811614611244,13.560584893359412,5.06634416661496,4.32706832952749,7880.0,12.62011531069827,-2.5522046882067717e-06,-1.0
2025-07,"Agriculture, forestry, fishing and hunting [11]",financement,8.355603928067874,4.214972132747031,0.58765914999568,2.4332801612833337,10.788818461006777,13.384898243834401,0.6242560664902169,48777.0,26.589730870079535,-1.640708610778363e-07,-1.0
2025-07,"Alcohol beverage, tobacco and cannabis product manufacturing",financement,-210.0575583156619,-0.5471956224350205,-0.3784890562485291,79.29737945004646,-130.76017886561544,-156.66516041572527,1.3408058164192669,9759.0,36.694867456288776,0.0,0.0
2025-07,"Arts, entertainment and recreation, and accommodation and food services",financement,23.847621677790922,8.147005082184714,0.750046662933632,11.776195083534839,35.62381676132576,9.888346933087195,2.4116894197952217,47697.0,37.358721107830156,0.0,0.0
2025-07,"Basic chemical manufacturing and resin, synthetic rubber, and artificial and synthetic fibres and filaments manufacturing",financement,9.368035401178778,8.87503002098516,0.08829116656592695,0.04352802014057294,9.411967878421553,9.652936412398407,0.9704855601396382,4994.0,18.660090423345665,1.0111427555005437e-06,1.0
2025-07,Building material and supplies merchant wholesalers [416],financement,14.938817313943789,-54.99581885897214,-0.014636371175055975,-1.0235892930192936,13.914918318268512,5.3247768787079615,2.8055292558227607,12618.0,27.04881133571995,-7.742566399543405e-07,-1.0
2025-07,"Clothing, sporting goods, and general merchandise stores",financement,21.88076065139977,5.544804832065762,0.17445162008685003,2.8498339583500223,24.72998552499722,5.110889427111326,4.281204076795449,19911.0,27.313506543389394,-1.5227118814326035e-06,-1.0
2025-07,"Clothing, textile, leather and furniture manufacturing, and other manufacturing",financement,16.631771731233044,-1.3543921605084048,-0.4820499845379663,-8.670230025911293,7.961541705321751,4.304913773198056,3.863438992618324,13909.0,17.91773480876499,0.0,0.0
2025-07,Computer and electronic equipment manufacturing [334],financement,16.32058500264187,-3.644340823806468,-0.38270927434674323,-7.640762275426597,8.67913377516991,11.23538577724244,1.452605662700041,7390.0,36.587780968412716,-1.7223801134051697e-06,-1.0
2025-07,Construction [23],financement,15.404090403520861,-1.7810620816850458,0.271521089167296,4.666131320289171,20.070142042809405,6.801804714761969,2.2647063609587814,146925.0,31.039465595152837,-1.9920250157040575e-07,-1.0
2025-07,"Educational, health care and social assistance services",financement,58.31534204077427,-0.0800708427962128,-0.6091947299925424,-35.57417778440975,22.741164256364513,24.924609489552743,2.3396692359500113,26286.0,30.582541215343625,-6.938893903907228e-18,0.0
2025-07,Food and beverage stores [445],financement,15.150699849351229,7.216475236358242,0.5753465405437563,4.5649286829826385,19.715628532333866,3.7808927717540337,4.007175226586103,4932.0,8.401328677284729,0.0,0.0
2025-07,Food and soft drink and ice manufacturing,financement,15.05241400695504,-18.331128744050073,-0.05644408264898125,-1.8843034461535315,13.168290755859891,5.542620959133106,2.7157574219741183,29571.0,30.421274625790854,4.504876459573981e-07,1.0
2025-07,"Machinery, equipment and supplies merchant wholesalers [417]",financement,13.851533974535288,-0.7238142876357774,-0.08619522819279184,-1.2563254694472468,12.59520850508804,4.8341587986620205,2.865345254766778,28419.0,28.408204882144783,0.0,0.0
2025-07,Mining and quarrying (except oil and gas) and support activities,financement,-1.5117197105988638,-4.053607663630786,-0.3542312674996866,-0.9004161914446819,-2.4121359020435453,-2.652254870793406,0.5699752792410339,45346.0,31.851929898500334,0.0,0.0
2025-07,Motor vehicle and motor vehicle parts and accessories merchant wholesalers [415],financement,20.531467101828632,-4.1725161084627915,-0.048261546445251685,-1.1922524330861974,19.339214668742432,4.026237017295546,5.099418393311523,6935.0,16.822724626431206,-6.938893903907228e-18,0.0
2025-07,Motor vehicle and parts dealers [441],financement,16.218359854517388,5.166697518121727,0.8656870229007634,9.567280666098855,25.786259541984734,3.2168484483887836,5.041692238451782,15331.0,21.050102291606596,1.547553421243908e-06,1.0
2025-07,Motor vehicle and trailer manufacturing,financement,20.479460001054683,3.1815747382486483,-0.4059808223630749,-7.022609684136108,13.456850316918576,2.0098567853319187,10.18951208390333,1624.0,4.966816527510169,0.0,0.0
2025-07,Motor vehicle parts manufacturing [3363],financement,11.569627927443408,-0.2570539933317875,-0.2812802116725182,-3.326611594059191,8.243016333384217,5.040746282391676,2.295221238938053,3902.0,18.53505605168155,0.0,0.0
2025-07,Non-metallic mineral product manufacturing [327],financement,20.577175463623394,-5.7394222945484135,-0.21906332159885922,-5.765001318086209,14.812174145537185,11.40320642549962,1.8045078459343795,6016.0,27.242675361137525,-6.938893903907228e-18,0.0
2025-07,Oil and gas extraction and support services,financement,8.365249118866421,10.34498765136284,0.15177483189767327,-0.30047448297099044,8.064803275769984,12.89925033722895,0.6485066108627414,75367.0,24.245456007720765,7.15996863812074e-08,1.0
2025-07,Other retailers,financement,14.017535564482753,18.794349384277687,0.13165090394389758,-0.6288718573477053,13.388663707135045,3.818341346521375,3.6711059311795555,24369.0,24.704486932543947,-6.938893903907228e-18,0.0
2025-07,Other wholesalers,financement,10.586327480503,22.233939924318648,-0.039195862391504695,0.4565382145373758,11.042792885734329,2.376244089264977,4.455067359589973,78105.0,31.53769745130342,-1.8202326511687628e-07,-1.0
2025-07,Petroleum and coal product manufacturing [324],financement,12.200419676601754,4.476564823315963,0.20995310680984866,1.6216473229956798,13.822066999597437,7.61861703986528,1.601395583051579,10798.0,10.896504399773956,6.938893903907228e-18,0.0
2025-07,"Pharmaceutical and medecine manufacturing, and soap, agricultural chemicals, paint and other chemical product manufacturing",financement,13.755544262821564,-0.044188003193259204,-0.7196285413719302,-9.93068120191541,3.824863060906156,11.537091067730259,1.1922887825074395,17881.0,28.59038725976144,3.469446951953614e-18,0.0
2025-07,Pipelines [486],financement,2.718309680324604,2.6085513021876783,0.7591997600993874,0.08332853435045182,2.8016964400462663,7.805114401997624,0.3482728811289282,9469.0,6.745983685391657,1.4556342802559546e-07,1.0
2025-07,Plastics and rubber products manufacturing [326],financement,16.795303948286158,-16.058915751335952,-0.06694987255734919,-2.1995858218608513,14.596431605777399,8.424884699554797,1.9935351695879808,8678.0,36.852386614574485,1.7836983802338446e-06,1.0
2025-07,Primary metal and fabricated metal product and machinery manufacturing,financement,11.749287486819886,15.473459346977133,0.1241560012093117,-0.46237828597336766,11.286909200846518,7.104814468024398,1.6537078539767918,44459.0,34.90813442211055,-3.469446951953614e-18,0.0
2025-07,"Professional, scientific and technical services [54]",financement,38.232245988706616,5.143822771307651,-0.6453100544865625,-21.352292189294168,16.879953799412448,10.822008098837843,3.5328236349049034,83332.0,32.03031910395671,0.0,0.0
2025-07,"Publishing, motion picture and sound recording, broadcasting, and information services",financement,4.878789521887609,-0.17109303994453576,-0.20675513296066036,-1.0440891405073252,3.8347003813802827,2.032460852898195,2.4004346823854843,43890.0,31.995626025150354,-1.734723475976807e-18,0.0
2025-07,Real estate [531],financement,7.4083021227229695,3.4127381366602574,0.6732508721852204,2.6900169384885766,10.098319061211544,42.880804571727175,0.17276499815508414,246123.0,28.71555126722801,-3.469446951953614e-18,0.0
2025-07,"Rental and leasing of automotive, machinery and equipment, and other goods",financement,12.129666249486874,16.039655721710318,0.18243322399250234,-0.7133119851944653,11.416354264292409,22.104857609936516,0.5487330641765537,16067.0,21.994524298425734,-3.469446951953614e-18,0.0
2025-07,"Repair, maintenance and personal services",financement,23.43631172933244,-13.692938291938836,-0.09761948699021959,-3.624538339408102,19.81177338992434,9.69770210164802,2.4166871165644173,11004.0,34.42622950819672,0.0,0.0
2025-07,Telecommunications [517],financement,26.507807680979344,4.802589896169969,1.7171522085274518,37.27116265575475,63.7789703367341,59.35176460050554,0.4466220652309562,3186.0,1.726370774157541,0.0,0.0
2025-07,"Total, non-financial industries",financement,11.71776177925248,11.889894685034095,0.07870792177953344,-0.013548223283943138,11.704213555968538,7.863034524876761,1.490234049231284,1250928.0,24.998056593981616,3.469446951953614e-18,0.0
2025-07,"Transportation, postal and couriers services, and support activities for transportation",financement,11.060655505050136,3.2438194899057082,0.18264689730917077,1.427720844940712,12.488376349990848,6.986660659104659,1.5831104507181772,33433.0,13.966321752171206,-3.469446951953614e-18,0.0
2025-07,Utilities [22],financement,4.978583511389669,2.5889277763825556,0.35217025985736533,0.8415656811670983,5.820149192556768,14.662088438370201,0.33955486848387023,9194.0,6.019339928375485,1.734723475976807e-18,0.0
2025-07,Warehousing [493],financement,9.395583809719486,1.9469585782305576,0.8693194925028835,6.475235106082129,15.870818915801616,9.092084237170033,1.0333806379959276,3265.0,17.235008445945947,0.0,0.0
2025-07,Wood product and paper manufacturing,financement,7.6325273059776695,-0.819687681867243,-0.17750696487214207,-1.5003270289391797,6.132200277038489,4.935013678995937,1.5466071225825986,12711.0,27.78421386259809,-1.734723475976807e-18,0.0
2025-10,"Administrative and support, waste management and remediation services [56]",financement,31.899950100577552,-1.5272871985026855,-0.40482056231427627,-13.532033000026411,18.36791710055114,10.849057103461837,2.9403430912349577,31131.0,29.45946968980071,0.0,0.0
2025-10,"Aerospace, rail and ship products and other transportation equipment manufacturing",financement,21.193215530236664,-5.5338346465821555,-0.4585499316005472,-12.255687030464662,8.937528499772002,4.387172963842924,4.830722587165235,8241.0,13.246214678368213,-3.469446951953614e-18,0.0
2025-10,"Agriculture, forestry, fishing and hunting [11]",financement,8.093857525384433,3.796840171286538,0.5662812809005857,2.4333204913306012,10.527116452422607,12.764773557932354,0.6340776425567459,47490.0,25.476101067539297,-1.5391073106621467e-07,-1.0
2025-10,"Alcohol beverage, tobacco and cannabis product manufacturing",financement,4.949750461475354,-1.4029995162070632,-0.3611268835990391,-2.294148801724317,2.6556016597510372,4.181104181104181,1.183838107609216,9782.0,37.03619566863547,8.673617379884035e-19,0.0
2025-10,"Arts, entertainment and recreation, and accommodation and food services",financement,20.003905635246294,6.538515196658666,0.8878762245204246,11.955600024306607,31.95895980571397,8.772281429659996,2.280353839037928,51219.0,37.909391676350204,-1.3646345973228335e-06,-1.0
2025-10,"Basic chemical manufacturing and resin, synthetic rubber, and artificial and synthetic fibres and filaments manufacturing",financement,6.958474535266898,-6.055863971929262,0.10434370012509166,1.3579642345213092,8.316438769788206,7.0315308277511495,0.9896101867041638,5220.0,18.50998191553491,-3.469446951953614e-18,0.0
2025-10,Building material and supplies merchant wholesalers [416],financement,12.301972345053837,-118.45925845354796,-0.008201827242524917,-1.0724810250300605,11.22923588039867,4.538086245668454,2.710828238840968,12158.0,26.558608938791558,-6.385990627653937e-07,-1.0
2025-10,"Clothing, sporting goods, and general merchandise stores",financement,26.177838498998717,8.12117577744941,0.09922825519760511,1.7917311365509776,27.969569635549696,5.50053448175097,4.759144513292025,20388.0,29.26199156069696,0.0,0.0
2025-10,"Clothing, textile, leather and furniture manufacturing, and other manufacturing",financement,20.919334593402954,2.1215309221939473,-0.49544447870819436,-9.313268040741129,11.606066552661826,5.220262104321257,4.0073341482386935,14405.0,17.44918477602539,-3.469446951953614e-18,0.0
2025-10,Computer and electronic equipment manufacturing [334],financement,17.70559025886211,-5.458866010859319,-0.3246527777777778,-7.520405073676923,10.185185185185185,12.770348474716982,1.3864610111396745,7345.0,36.24475697014557,-3.469446951953614e-18,0.0
2025-10,Construction [23],financement,15.655625036879824,-2.930655211607852,0.28683257988050564,5.331150714055806,20.986775750935628,6.97078838223148,2.2458901602559003,147357.0,30.003359565089028,-6.938893903907228e-18,0.0
2025-10,"Educational, health care and social assistance services",financement,58.97810469485335,-0.19287115903621868,-0.6102637059634508,-36.10989901006852,22.86820568478484,24.815143075184274,2.3766981522598125,26626.0,30.01939208081537,6.938893903907228e-18,0.0
2025-10,Food and beverage stores [445],financement,12.94753553207934,5.872115178059105,0.5544758368625631,3.923149621949782,16.870685154029125,3.478759208373944,3.7218832223030844,4832.0,8.293712775269906,6.938893903907228e-18,0.0
2025-10,Food and soft drink and ice manufacturing,financement,15.033820089020999,-17.201362072957174,-0.0825524984803826,-2.661094826441559,12.3725528425447,5.586388655498736,2.691151836387729,28456.0,29.792179238863007,-4.310500868499878e-07,-1.0
2025-10,"Machinery, equipment and supplies merchant wholesalers [417]",financement,17.02712289122183,-9.6488660327007,-0.08621098286445619,-2.299763224012709,14.727561443841394,5.749170244276634,2.9616661479406576,29639.0,29.778063556810306,5.044415806801372e-07,1.0
2025-10,Mining and quarrying (except oil and gas) and support activities,financement,7.374443095296075,2.7193440381155463,-0.3474790870597955,-1.617549570562005,5.75689352473407,12.336478616558,0.5977753720902259,46736.0,30.994919952780762,-1.734723475976807e-18,0.0
2025-10,Motor vehicle and motor vehicle parts and accessories merchant wholesalers [415],financement,17.495675590675,-9.523284894289775,-0.02712131910121693,-0.7327898490959006,16.762885741579097,3.7138752404753257,4.710894808743169,6728.0,17.199683002275226,-6.938893903907228e-18,0.0
2025-10,Motor vehicle and parts dealers [441],financement,15.943180204968266,4.744372184744453,0.8498339873226682,9.51712767308788,25.460307878056142,3.3244681065700825,4.7957085746920125,15827.0,21.55562213989976,0.0,0.0
2025-10,Motor vehicle and trailer manufacturing,financement,-6.3297697446838415,2.9537305253268613,-0.36056384020899096,3.347294507936263,-2.982475236747578,-0.6910282914912698,9.159928504553578,1861.0,5.878265264221865,0.0,0.0
2025-10,Motor vehicle parts manufacturing [3363],financement,11.640819104883999,-5.6290028791350855,-0.27858212680978534,-4.811063737934424,6.829755366949576,5.223259100284864,2.228650519031142,4103.0,19.614685916435604,3.469446951953614e-18,0.0
2025-10,Non-metallic mineral product manufacturing [327],financement,14.334816664459584,-2.8437513036566333,-0.23888692891162464,-4.103735345002891,10.231081319456695,9.074405839638644,1.5796975491048149,5880.0,27.49205161772957,0.0,0.0
2025-10,Oil and gas extraction and support services,financement,13.86857817638113,11.919393599291778,0.1809942257181612,0.3527911533120686,14.2213693296932,22.010858273561944,0.63007893667823,78875.0,24.62212260646434,6.938893903907228e-18,0.0
2025-10,Other retailers,financement,14.850572957677514,26.125689517940277,0.09909015968002931,-1.11725310036738,13.733093151772358,4.120859994222335,3.6037557642091227,24279.0,24.995624556021127,-5.66763844439544e-07,-1.0
2025-10,Other wholesalers,financement,9.143095021292979,98.20830673493431,-0.02647920736812727,2.3583762102516665,11.501535026514095,2.0008335779143205,4.56964293393346,83873.0,32.65179798420219,1.5948742361840407e-07,1.0
2025-10,Petroleum and coal product manufacturing [324],financement,10.66267930271625,2.367531536562239,0.2364435814166304,1.9613344462096154,12.624013748925867,6.827570628251752,1.5617091178222648,11557.0,11.553880452277886,6.938893903907228e-18,0.0
2025-10,"Pharmaceutical and medecine manufacturing, and soap, agricultural chemicals, paint and other chemical product manufacturing",financement,14.490724161639,3.5848415344093554,-0.6959322010037517,-7.589754900656505,6.900969260982494,12.45563320468166,1.1633871938515672,20592.0,32.56218472777874,0.0,0.0
2025-10,Pipelines [486],financement,6.984945906238658,5.653169046230451,0.8882810250503888,1.1829921143464792,8.167770419426047,18.408583995025158,0.379439608615541,9141.0,6.308532149980331,-4.1900289772522914e-07,-1.0
2025-10,Plastics and rubber products manufacturing [326],financement,15.200505294844918,-13.443469282395457,-0.06109812605076475,-1.7500931693151331,13.449788821913314,7.998500855643713,1.90041928721174,8754.0,36.97727464729239,-1.5582590411761243e-06,-1.0
2025-10,Primary metal and fabricated metal product and machinery manufacturing,financement,10.769542105571416,3.2902706424383235,0.09726133116409069,0.7274438986419207,11.496986004213337,6.815139324018885,1.5802379956658936,45346.0,34.316633873164825,3.469446951953614e-18,0.0
2025-10,"Professional, scientific and technical services [54]",financement,38.489920493747434,4.464813339701732,-0.6241171396783992,-21.23565255423404,17.25426793951339,11.082363828390642,3.473078585919053,83713.0,31.920215666312053,-6.938893903907228e-18,0.0
2025-10,"Publishing, motion picture and sound recording, broadcasting, and information services",financement,12.197504726747182,-0.45737374527951163,-0.19743374505336372,-2.4985000499274195,9.699004676819763,4.990525513169914,2.444132325254759,44385.0,33.12140410575567,0.0,0.0
2025-10,Real estate [531],financement,7.2107717308318104,2.743631687725629,0.6299393183517961,2.8140271537363213,10.024798884568133,40.4303956398525,0.17835026387236508,243728.0,28.297098168156243,3.469446951953614e-18,0.0
2025-10,"Rental and leasing of automotive, machinery and equipment, and other goods",financement,11.520008480858571,9.563214817618054,0.19622382227057358,0.38396953199589196,11.903978012854465,20.84472000519462,0.5526583459978222,16808.0,22.42681397272703,0.0,0.0
2025-10,"Repair, maintenance and personal services",financement,23.96118148465769,-16.309994577721092,-0.09340698503207413,-3.761609139682637,20.199572344975053,10.131448969287398,2.36503007193679,11633.0,36.15090587028808,0.0,0.0
2025-10,Telecommunications [517],financement,5.610809736677455,4.092806648202814,1.691508937960042,2.5677157920058042,8.17852552868326,11.63089353461597,0.4824057343469367,2647.0,1.4157957231950877,0.0,0.0
2025-10,"Total, non-financial industries",financement,12.243292795655144,7.033151948252743,0.07772521563440003,0.40495932084994735,12.648248650019934,8.216585741641763,1.490070593872827,1268185.0,24.967943120769924,-8.666212900076964e-09,-1.0
2025-10,"Transportation, postal and couriers services, and support activities for transportation",financement,10.245168114446734,-3.5592732667241833,0.153853252690462,2.1238582080679596,12.369026322514696,6.5839285112375325,1.5560873871823109,31227.0,13.220295929383374,3.469446951953614e-18,0.0
2025-10,Utilities [22],financement,5.0593773920962715,2.316385069311568,0.34515553012440436,0.9467589692979256,6.006136361394197,13.122832294074998,0.38554004796514824,10001.0,6.376765390378424,1.734723475976807e-18,0.0
2025-10,Warehousing [493],financement,9.935617516438727,2.0425234246773263,0.8387560867640549,6.620380712866275,16.555998229305004,9.756518028110488,1.0183569064098705,3055.0,16.093346678607176,0.0,0.0
2025-10,Wood product and paper manufacturing,financement,5.388185219309872,0.5587353502316708,-0.17220390954388654,-0.8316501484014773,4.556535070908394,3.6528085548967644,1.4750801029763116,13150.0,29.539940695480276,-1.734723475976807e-18,0.0
2026-01,"Administrative and support, waste management and remediation services [56]",financement,30.587370580795074,-1.3577777159673545,-0.3903975668042581,-12.471308166257243,18.116062414537833,10.77033447092452,2.839964781350887,31795.0,29.15741980448618,6.938893903907228e-18,0.0
2026-01,"Aerospace, rail and ship products and other transportation equipment manufacturing",financement,20.125001624241477,-3.9557257992371566,-0.44409651869589245,-10.694167216431568,9.43083440780991,4.500055931092894,4.472166998011929,9427.0,15.023107569721116,0.0,0.0
2026-01,"Agriculture, forestry, fishing and hunting [11]",financement,7.71852784979446,3.6605540937598158,0.5517138175369812,2.238840192406756,9.957425794431684,12.449947240903725,0.6199647034997541,47741.0,25.5043058315704,1.4438057616833477e-07,1.0
2026-01,"Alcohol beverage, tobacco and cannabis product manufacturing",financement,5.877567085839012,-1.5297076443605193,-0.3486672580577029,-2.582674169858781,3.2948929159802307,6.202176765436061,0.9476619754847915,9868.0,37.14522321764662,-1.734723475976807e-18,0.0
2026-01,"Arts, entertainment and recreation, and accommodation and food services",financement,19.454227827196192,7.104641266369256,0.8450749123366273,10.436325780284413,29.89055360748061,8.403483058645572,2.3150195807417644,52492.0,37.324194030063,1.3877787807814457e-17,0.0
2026-01,"Basic chemical manufacturing and resin, synthetic rubber, and artificial and synthetic fibres and filaments manufacturing",financement,6.851955403200007,1.7825760084704996,0.14640822994392688,0.7421988640965625,7.594154267296569,7.334722214878305,0.9341806277681495,5554.0,19.40804416954957,3.469446951953614e-18,0.0
2026-01,Building material and supplies merchant wholesalers [416],financement,11.939318353183307,28.132433070979534,0.02810441669697337,-0.4550980436508376,11.484220309532468,4.741603821192343,2.5179915495725655,12764.0,26.221290932248653,0.0,0.0
2026-01,"Clothing, sporting goods, and general merchandise stores",financement,18.8288482704783,8.506383527621246,0.1104516806722689,1.140133579528802,19.968487394957986,4.549691702194194,4.13848882582476,21203.0,30.358523524526788,-1.2361376227967846e-06,-1.0
2026-01,"Clothing, textile, leather and furniture manufacturing, and other manufacturing",financement,23.200774037845566,-1.1162553239489852,-0.5119666435024323,-12.44950790230805,10.75191104933982,5.649292596611922,4.1068458822189315,14736.0,17.78314125384662,1.6122845057607582e-06,1.0
2026-01,Computer and electronic equipment manufacturing [334],financement,19.947064485081807,-5.834607693212563,-0.3383482587064677,-8.723183888066885,11.223880597014926,15.001809627216794,1.3296438883541868,7881.0,37.409218208572646,3.469446951953614e-18,0.0
2026-01,Construction [23],financement,14.126066765105309,-1.4629798238814156,0.2673629242819843,4.167933082799584,18.29399984790489,6.5594643870978215,2.153539669014845,144954.0,29.387055050298223,0.0,0.0
2026-01,"Educational, health care and social assistance services",financement,57.60542181385444,-0.14007113495065157,-0.6069065676940455,-35.046118925360005,22.559302888494432,25.00153681444839,2.304075235109718,26791.0,29.358391321023504,-6.938893903907228e-18,0.0
2026-01,Food and beverage stores [445],financement,8.392578313918943,7.030694822402585,0.5707869101090824,0.7773452700511908,9.169923583970133,2.3729535357442337,3.536764705882353,5098.0,8.675970047651463,0.0,0.0
2026-01,Food and soft drink and ice manufacturing,financement,12.191807725677688,-18.901346728968438,-0.06832807358407925,-2.124535345538202,10.067272380139485,4.884176792573953,2.4961847704232314,27462.0,28.600589466668055,0.0,0.0
2026-01,"Machinery, equipment and supplies merchant wholesalers [417]",financement,13.674586049557519,-1.1733656748158132,-0.11191398750305442,-1.6616934837274726,12.012892565830047,4.747650164945861,2.880285104097061,24210.0,25.45687787848836,0.0,0.0
2026-01,Mining and quarrying (except oil and gas) and support activities,financement,5.708697890446678,-0.21943365998511782,-0.33836498708269885,-2.0058721554863945,3.702825734960284,9.631965421201913,0.5926825565507818,48180.0,31.652180768245334,0.0,0.0
2026-01,Motor vehicle and motor vehicle parts and accessories merchant wholesalers [415],financement,19.29141255269521,6.355212355212355,0.08738323791485515,1.1304070595708406,20.420989195471567,4.391049245612394,4.393349168646081,7493.0,17.932701512540685,-2.076041986209809e-06,-1.0
2026-01,Motor vehicle and parts dealers [441],financement,11.789796647048508,4.179055959541665,0.9694035146303794,7.377878771409563,19.16767541845807,2.4397122614227875,4.8324537419724045,15695.0,21.11643301132847,6.938893903907228e-18,0.0
2026-01,Motor vehicle and trailer manufacturing,financement,-9.930981595092025,2.7753248391573107,-0.4317773299199303,5.486295065324607,-4.4446865297674165,-1.0588283389885942,9.379217791411042,1815.0,4.934881318143506,0.0,0.0
2026-01,Motor vehicle parts manufacturing [3363],financement,10.913004690782468,-4.684330582251187,-0.28153273017562536,-4.391160382881748,6.521844307900721,5.041628909224729,2.1645791245791246,4485.0,20.91981902140958,0.0,0.0
2026-01,Non-metallic mineral product manufacturing [327],financement,1.8769043266301035,5.721331689272504,0.06584395550864659,-0.2531323042220498,1.6237720224080539,2.351145038167939,0.7982937233394272,13048.0,46.901509705248024,0.0,0.0
2026-01,Oil and gas extraction and support services,financement,7.622163598920334,5.747370499233073,0.17324646386359233,0.32480127499668127,7.946964873917015,10.933620100288929,0.697130824832565,80476.0,24.807033118788684,-3.469446951953614e-18,0.0
2026-01,Other retailers,financement,12.270742136154675,18.05914437060192,0.11477950292225043,-0.6643899311838986,11.606352204970777,3.6163671350263416,3.393112944011227,23699.0,25.118709458600076,3.469446951953614e-18,0.0
2026-01,Other wholesalers,financement,9.879044547608451,306.5114068441065,-0.005978452660203849,1.7734025354740506,11.652447083082501,2.2436684528756095,4.403076815982736,88041.0,32.813530768858065,0.0,0.0
2026-01,Petroleum and coal product manufacturing [324],financement,17.597458551009712,5.599446409854832,0.22602345218818262,2.7118321235395544,20.309290674549267,10.378151132468481,1.6956255817045605,10866.0,10.116753254008156,6.938893903907228e-18,0.0
2026-01,"Pharmaceutical and medecine manufacturing, and soap, agricultural chemicals, paint and other chemical product manufacturing",financement,14.536122666837143,1.7416571337724995,-0.6938634576595671,-8.877612093678389,5.658609962052579,13.701054488203793,1.0609491903964265,19813.0,31.09384808537351,2.4847223456352097e-07,1.0
2026-01,Pipelines [486],financement,7.135095863725141,4.873845445511925,1.0032623048442637,2.268627306406646,9.403723170131787,17.021973272327998,0.41916972548208653,9272.0,6.133897856575814,0.0,0.0
2026-01,Plastics and rubber products manufacturing [326],financement,13.66556221142351,-9.70959165785803,-0.07250309245441124,-1.6947709421206079,11.9707912693029,8.015603311858484,1.7048700739975908,8782.0,35.70789623485403,-3.469446951953614e-18,0.0
2026-01,Primary metal and fabricated metal product and machinery manufacturing,financement,12.86432189307723,14.849547437248004,0.09327281534994418,-0.18516757560943306,12.679289791276144,7.940652375030951,1.6200585651537336,44021.0,34.39651198224737,3.38684520866106e-07,1.0
2026-01,"Professional, scientific and technical services [54]",financement,38.31567571782919,4.3719266079148085,-0.6169901317841385,-20.94295823657381,17.372717481255382,11.166292336833473,3.4313695685218564,84687.0,31.858536915680418,1.3877787807814457e-17,0.0
2026-01,"Publishing, motion picture and sound recording, broadcasting, and information services",financement,10.976205234145652,1.4138264849053492,-0.19264041467714255,-1.8421006075535478,9.134104626592105,5.135933646191892,2.137139221470299,46067.0,34.120165316189436,3.469446951953614e-18,0.0
2026-01,Real estate [531],financement,7.1998847522832286,3.657692342540402,0.6175408672700788,2.187448572750075,9.387333325033303,43.475879658324864,0.16560641921145297,241669.0,28.039555115177645,0.0,0.0
2026-01,"Rental and leasing of automotive, machinery and equipment, and other goods",financement,11.347597038229793,10.516838280763622,0.2173950263236742,0.18060282194798116,11.528199860177773,21.198114214992454,0.5353116283430608,17094.0,22.30195177956372,0.0,0.0
2026-01,"Repair, maintenance and personal services",financement,22.00578202561871,-13.785782622031107,-0.10592282279213923,-3.7911435596264074,18.2146384659923,9.668504116531377,2.2760275799017182,11973.0,36.87403757314444,-6.938893903907228e-18,0.0
2026-01,Telecommunications [517],financement,5.068783814119436,3.609450150985252,1.7022627051254247,2.4841692690873898,7.552953083206826,11.401957351561606,0.44455383034959495,2521.0,1.348965133451767,0.0,0.0
2026-01,"Total, non-financial industries",financement,11.16657560853071,8.6775353947741,0.07846928458860426,0.19531320488574774,11.361888813416456,7.717395257103337,1.446935816621889,1280836.0,24.837498138403493,-3.469446951953614e-18,0.0
2026-01,"Transportation, postal and couriers services, and support activities for transportation",financement,6.332978396978733,-4.589115509757289,0.15131666051133394,1.6526947757584836,7.985673172737219,4.203548757454686,1.5065790270060888,32435.0,13.094574845174366,3.469446951953614e-18,0.0
2026-01,Utilities [22],financement,7.443037559689322,1.3733620134247138,0.32943955899724375,1.9995912352177674,9.442559015993849,18.173771285070327,0.40954832340185465,9445.0,5.926795138082718,-1.7444728310153645e-07,-1.0
2026-01,Warehousing [493],financement,8.674220388083853,2.2359963438958235,0.7980543083172974,5.13805243637627,13.812272824460123,8.814144073657705,0.9841250966169214,3109.0,16.273226903951844,0.0,0.0
2026-01,Wood product and paper manufacturing,financement,6.870807609265044,0.8886842854736757,-0.16586634041902432,-0.9922329036525642,5.878574705612479,4.819461551437146,1.425638017013787,14176.0,32.1911120194382,0.0,0.0
2026-04,"Administrative and support, waste management and remediation services [56]",financement,32.18024871850053,-1.6506273392543382,-0.40485211204294724,-13.696501624245233,18.483747094255296,10.471551637655992,3.0731117824773415,31916.0,28.624215246636773,6.938893903907228e-18,0.0
2026-04,"Aerospace, rail and ship products and other transportation equipment manufacturing",financement,23.959837431005255,-6.3240088227635285,-0.3747689463955638,-11.349445153330167,12.610392277675086,5.3334114579802385,4.492403711915907,9828.0,15.942898856354935,0.0,0.0
2026-04,"Agriculture, forestry, fishing and hunting [11]",financement,8.807847571498991,3.7530712045238923,0.5484872511170555,2.7724803945336283,11.580327966032618,13.55576911591441,0.6497490106377379,48337.0,25.410301430929525,-3.469446951953614e-18,0.0
2026-04,"Alcohol beverage, tobacco and cannabis product manufacturing",financement,8.90335809142414,-3.1452879581151825,-0.3273456360734891,-3.9440717049107814,4.95928638651336,8.547202970387845,1.0416692012896163,9938.0,38.00091771183848,1.734723475976807e-18,0.0
2026-04,"Arts, entertainment and recreation, and accommodation and food services",financement,20.806465702182845,6.964860672181551,0.869032497089023,12.028804582942003,32.83582089552239,8.944338630360873,2.326216231522909,53405.0,36.59706565611573,1.3765259938569585e-06,1.0
2026-04,"Basic chemical manufacturing and resin, synthetic rubber, and artificial and synthetic fibres and filaments manufacturing",financement,7.208817918627648,4.58416945373467,0.1507801232463616,0.39574481901493697,7.604562737642586,7.671168146434878,0.9397288367323687,5553.0,19.024941756886392,0.0,0.0
2026-04,Building material and supplies merchant wholesalers [416],financement,15.233347045705905,217.5986906360326,0.0041525928869461555,-0.8403408863576054,14.393006159348301,5.394930249628117,2.823641148420032,12488.0,25.175389081525683,0.0,0.0
2026-04,"Clothing, sporting goods, and general merchandise stores",financement,23.240706793984405,10.26386404293381,0.10971428571428571,1.4237450332581225,24.664451827242527,5.256832532120736,4.421047589394774,21998.0,29.97656164831571,-6.938893903907228e-18,0.0
2026-04,"Clothing, textile, leather and furniture manufacturing, and other manufacturing",financement,20.675418777255448,0.28055279506715247,-0.5110255793440782,-10.422298204192607,10.253120573062839,5.241340711589035,3.9446813162785612,15414.0,17.792090865018352,-3.469446951953614e-18,0.0
2026-04,Computer and electronic equipment manufacturing [334],financement,19.569332702318977,-3.988795518207283,-0.3455418328235704,-8.140318803213322,11.429013899105657,13.843321057917644,1.4136299100804544,7820.0,37.13376703547177,3.469446951953614e-18,0.0
2026-04,Construction [23],financement,14.330317861077162,-2.081574375200209,0.2537638519308447,4.164744991351671,18.495062852428834,6.336374102210943,2.261595926931919,145777.0,29.08060468475082,0.0,0.0
2026-04,"Educational, health care and social assistance services",financement,53.08353118654671,-0.231213764998838,-0.6086604196133899,-32.45057503378857,20.632956152758133,22.993341028145252,2.308648017770415,26684.0,29.486060311391537,-6.938893903907228e-18,0.0
2026-04,Food and beverage stores [445],financement,14.994095198269102,6.841191324369757,0.5396843420006813,4.399994562580174,19.393664130805043,4.189667457235605,3.578827043271447,4998.0,8.57760691975012,-1.0640751105864266e-06,-1.0
2026-04,Food and soft drink and ice manufacturing,financement,13.054215965281513,-23.77428354200021,-0.06766398654911512,-2.4919630952848033,10.562393567717876,5.165661604683622,2.527114039650887,28317.0,27.780012361060695,3.5174430291703973e-07,1.0
2026-04,"Machinery, equipment and supplies merchant wholesalers [417]",financement,13.823922207450384,-7.603776890610788,-0.11359184828757429,-2.434011945098757,11.389753750353806,4.772921966975508,2.8963226935407644,24231.0,25.542343937764848,-3.912799945507417e-07,-1.0
2026-04,Mining and quarrying (except oil and gas) and support activities,financement,4.974426290778574,1.432262968494845,-0.3238728190908395,-1.147210420868205,3.8271958213599118,8.363447385395096,0.5947818000822609,48078.0,30.266479486808226,-5.012137614321399e-08,-1.0
2026-04,Motor vehicle and motor vehicle parts and accessories merchant wholesalers [415],financement,24.05141943717165,11.073252250631848,0.05506580321704617,0.7146532004119265,24.767077501566742,4.795169628211804,5.01575987962303,7772.0,18.928397467121286,2.512159957918092e-06,1.0
2026-04,Motor vehicle and parts dealers [441],financement,16.939062055066934,4.376917621223897,1.0384714802688264,13.045428725563776,29.984490780630708,3.1890819934889945,5.311579347803115,16474.0,21.624530729043606,-1.3877787807814457e-17,0.0
2026-04,Motor vehicle and trailer manufacturing,financement,-6.695526695526696,2.284011916583913,-0.43659223932365054,3.920396870754556,-2.7747669629308476,-0.5659640905542546,11.83030303030303,2056.0,5.370810584885453,9.071546032326377e-07,-1.0
2026-04,Motor vehicle parts manufacturing [3363],financement,11.440981438372514,-5.5028819416736745,-0.2909074091203404,-4.929095396378251,6.5118860419942655,5.103372728183621,2.241847117140621,4756.0,21.652629182790804,3.469446951953614e-18,0.0
2026-04,Non-metallic mineral product manufacturing [327],financement,6.420241269748626,27.153252959704577,0.05929563967417346,-1.229377190528054,5.190864079220572,5.83616298811545,1.1000791586565646,12942.0,46.56400662013384,-1.734723475976807e-18,0.0
2026-04,Oil and gas extraction and support services,financement,15.577806927283207,3.9660296157229444,0.1644464767906435,1.9095158681636157,17.4873747909706,19.595153841826175,0.7949826295332332,81047.0,24.98165991628291,1.2998880943165814e-07,1.0
2026-04,Other retailers,financement,13.384135890734738,18.4244354630877,0.10493017625272018,-0.5288795224935066,12.855063482684576,3.869979614290235,3.458451264526732,23613.0,24.784046182104433,-4.822138916435459e-07,-1.0
2026-04,Other wholesalers,financement,10.374415751492712,101.07401478747742,-0.019658817315672865,1.783046848053202,12.157462599545912,2.212185675863839,4.689667718529817,89111.0,32.22564569907639,-3.469446951953614e-18,0.0
2026-04,Petroleum and coal product manufacturing [324],financement,30.074001388202305,6.687115558874722,0.16984609153503444,3.9721711512873723,34.046172539489675,14.806320744134544,2.0311596586286287,10781.0,10.101568502520474,-1.3877787807814457e-17,0.0
2026-04,"Pharmaceutical and medecine manufacturing, and soap, agricultural chemicals, paint and other chemical product manufacturing",financement,18.99124648250399,2.5553663543605385,-0.6939871562476836,-11.406289710558088,7.584956771945903,15.638472569512423,1.214392671540562,20125.0,31.535484275349827,0.0,0.0
2026-04,Pipelines [486],financement,9.300193044894163,3.381752764240331,1.0955880313912536,6.484172335988231,15.784365380882392,19.824164735687887,0.46913416877290953,9315.0,6.038780445112899,0.0,0.0
2026-04,Plastics and rubber products manufacturing [326],financement,14.625850340136054,-9.61579738141232,-0.060985666601217355,-1.4783930458105095,13.147457294325546,8.253878347336292,1.7719973235195718,9106.0,36.10197042381953,0.0,0.0
2026-04,Primary metal and fabricated metal product and machinery manufacturing,financement,12.353246275353742,14.184537104660617,0.08940374312947888,-0.1637242548987221,12.18952202045502,7.81857711955711,1.5799864970895754,46173.0,34.73194875922402,0.0,0.0
2026-04,"Professional, scientific and technical services [54]",financement,38.55067151955634,4.600234062062282,-0.6171529179227812,-20.952611541647347,17.598059977908996,11.254179003103209,3.425453914401614,84418.0,30.992048049459225,0.0,0.0
2026-04,"Publishing, motion picture and sound recording, broadcasting, and information services",financement,11.4588602415802,-0.1830784871142849,-0.19527524422426965,-2.2733824284897994,9.185610444928006,4.738584394961607,2.4182032620890026,48229.0,34.30740010954695,3.315795940109223e-07,1.0
2026-04,Real estate [531],financement,7.323949374298441,3.3496875627558182,0.6407045996449692,2.5463278228487063,9.870277197147148,42.23774560880703,0.17339820742637643,238699.0,27.612146619146277,0.0,0.0
2026-04,"Rental and leasing of automotive, machinery and equipment, and other goods",financement,11.814181332778093,7.606926140812724,0.19330812421221497,0.8132966092409278,12.627477942019022,20.579222948825134,0.5740829652391012,16478.0,19.93274302027387,6.938893903907228e-18,0.0
2026-04,"Repair, maintenance and personal services",financement,20.728789808536785,-14.360952754424991,-0.10623912829433195,-3.727903661961577,17.00088614657521,9.43957197434906,2.195945945945946,12088.0,37.05815628927925,0.0,0.0
2026-04,Telecommunications [517],financement,-5.533446880505273,5.150386547791522,1.8149906861697254,-19.39105816494745,-24.924420557608332,-12.226371053181616,0.45258293376147185,2476.0,1.3150556880407476,2.112196109682607e-07,-1.0
2026-04,"Total, non-financial industries",financement,12.317092886300934,6.721053184429302,0.07771239499788413,0.4348816477356898,12.751974534036625,8.068458193708503,1.526573304414636,1290138.0,24.635373414171998,6.938893903907228e-18,0.0
2026-04,"Transportation, postal and couriers services, and support activities for transportation",financement,9.082394818920234,-17.84690380446941,0.14743123467765834,3.9702197450497003,13.052614563969936,5.929562815077733,1.5317140744045172,32574.0,13.199931921515233,6.938893903907228e-18,0.0
2026-04,Utilities [22],financement,5.692397949847132,3.92996259899401,0.34216497532997964,0.6030436483453425,6.295441598192475,16.60370330326823,0.34283905499122325,9281.0,5.80926628359685,0.0,0.0
2026-04,Warehousing [493],financement,8.535738050407538,1.7600559834124219,0.8025311159920511,5.437695690832918,13.973433741240457,8.132734938120494,1.049553208773355,3195.0,16.950501352856914,6.938893903907228e-18,0.0
2026-04,Wood product and paper manufacturing,financement,9.122071936757866,-4.571766814328961,-0.1598413411165993,-2.1888415510081756,6.9330938482263145,6.264337596777662,1.4561909852128987,14646.0,32.50260757639644,-3.4134380843750534e-07,-1.0
